,Statistic,Year,UNIT,VALUE,County_name,per_10k,per_10k_vehicles,per_1b_km_travelled,avg_per_1k_km_travelled
0,Persons Killed,2001,Number,8,Carlow,1.788948769,2.295255993,12.6984127,0.442788089
1,Persons Killed,2001,Number,53,Dublin,0.479006847,0.881484908,5.889543283,3.541636503
2,Persons Killed,2001,Number,31,Kildare,1.956947162,2.797585653,15.58049925,1.72649049
3,Persons Killed,2001,Number,11,Kilkenny,1.398850399,2.000484966,11.08498488,0.609711034
4,Persons Killed,2001,Number,13,Laois,2.29430659,3.230522641,16.81759379,0.676760227
5,Persons Killed,2001,Number,3,Longford,0.989511181,1.438871924,7.346938776,0.15318106
6,Persons Killed,2001,Number,15,Louth,1.507098434,2.680398248,14.91795127,0.835018834
7,Persons Killed,2001,Number,26,Meath,2.051897216,2.653124394,14.17666303,1.3898293
8,Persons Killed,2001,Number,9,Offaly,1.452175035,2.186013561,11.75446234,0.484100872
9,Persons Killed,2001,Number,7,Westmeath,0.997392531,1.45485784,7.69512642,0.370154936
10,Persons Killed,2001,Number,16,Wexford,1.419182019,1.830827706,9.97609893,0.872283201
11,Persons Killed,2001,Number,13,Wicklow,1.162270899,1.696400803,10.03473562,0.769238355
12,Persons Killed,2001,Number,9,Clare,0.887328943,1.30799378,7.1675073,0.493128168
13,Persons Killed,2001,Number,52,Cork,1.182081464,1.725297282,10.14865173,3.058643609
14,Persons Killed,2001,Number,14,Kerry,1.072213585,1.592673701,9.14335474,0.803997014
15,Persons Killed,2001,Number,22,Limerick,1.268764742,2.070273229,11.59216651,1.232354918
16,Persons Killed,2001,Number,16,Tipperary,1.158656248,1.659974893,8.968609865,0.432012096
17,Persons Killed,2001,Number,13,Waterford,1.301210125,1.988193191,11.9047619,0.77865293
18,Persons Killed,2001,Number,22,Galway,1.083130246,1.650883223,8.935824533,1.190938044
19,Persons Killed,2001,Number,5,Leitrim,1.995291113,2.750981183,14.36093825,0.260962604
20,Persons Killed,2001,Number,8,Mayo,0.690411053,1.026055394,5.45082898,0.425181366
21,Persons Killed,2001,Number,6,Roscommon,1.141161703,1.586378298,8.046490836,0.304254492
22,Persons Killed,2001,Number,6,Sligo,1.043369388,1.655842364,9.211873081,0.333827893
23,Persons Killed,2001,Number,5,Cavan,0.917111466,1.283686062,6.653359947,0.259206138
24,Persons Killed,2001,Number,14,Donegal,1.037121543,1.697093122,9.041007427,0.745612867
25,Persons Killed,2001,Number,14,Monaghan,2.691738286,4.280800102,21.63275818,0.707392249
26,Persons Killed,2002,Number,11,Carlow,2.399389246,3.15597699,17.46031746,0.608833622
27,Persons Killed,2002,Number,49,Dublin,0.436486727,0.814957746,5.44504945,3.274343182
28,Persons Killed,2002,Number,19,Kildare,1.158571908,1.714649271,9.549338248,1.058171591
29,Persons Killed,2002,Number,9,Kilkenny,1.11911068,1.636760427,9.069533087,0.498854482
30,Persons Killed,2002,Number,5,Laois,0.851324661,1.242508708,6.468305304,0.260292395
31,Persons Killed,2002,Number,8,Longford,2.570115976,3.836991798,19.59183673,0.408482827
32,Persons Killed,2002,Number,19,Louth,1.866368048,3.395171114,18.89607161,1.057690523
33,Persons Killed,2002,Number,18,Meath,1.343925457,1.836778427,9.814612868,0.962189516
34,Persons Killed,2002,Number,6,Offaly,0.941885655,1.457342374,7.836308228,0.322733915
35,Persons Killed,2002,Number,10,Westmeath,1.388368251,2.078368342,10.99303774,0.528792766
36,Persons Killed,2002,Number,7,Wexford,0.600636675,0.800987121,4.364543282,0.381623901
37,Persons Killed,2002,Number,11,Wicklow,0.958864704,1.435416064,8.490930143,0.650893993
38,Persons Killed,2002,Number,16,Clare,1.548392092,2.325322275,12.7422352,0.876672298
39,Persons Killed,2002,Number,35,Cork,0.780934489,1.161257786,6.830823277,2.058702429
40,Persons Killed,2002,Number,8,Kerry,0.604120099,0.910099258,5.224774137,0.459426865
41,Persons Killed,2002,Number,21,Limerick,1.196383504,1.9761699,11.06524985,1.176338786
42,Persons Killed,2002,Number,15,Tipperary,1.069282369,1.556226462,8.408071749,0.40501134
43,Persons Killed,2002,Number,12,Waterford,1.182056384,1.835255253,10.98901099,0.718756551
44,Persons Killed,2002,Number,26,Galway,1.245055692,1.951043808,10.5605199,1.407472234
45,Persons Killed,2002,Number,5,Leitrim,1.936858416,2.750981183,14.36093825,0.260962604
46,Persons Killed,2002,Number,14,Mayo,1.192219913,1.79559694,9.538950715,0.744067391
47,Persons Killed,2002,Number,5,Roscommon,0.929316209,1.321981915,6.70540903,0.25354541
48,Persons Killed,2002,Number,9,Sligo,1.54697652,2.483763546,13.81780962,0.50074184
49,Persons Killed,2002,Number,7,Cavan,1.240782757,1.797160486,9.314703925,0.362888593
50,Persons Killed,2002,Number,20,Donegal,1.455784195,2.424418746,12.9157249,1.065161239
51,Persons Killed,2002,Number,11,Monaghan,2.084438718,3.363485794,16.99716714,0.555808196
52,Persons Killed,2003,Number,4,Carlow,0.851589278,1.147627996,6.349206349,0.221394045
53,Persons Killed,2003,Number,37,Dublin,0.324919385,0.615376257,4.111567952,2.472463219
54,Persons Killed,2003,Number,17,Kildare,1.002476707,1.534159874,8.544144748,0.946785108
55,Persons Killed,2003,Number,9,Kilkenny,1.094823916,1.636760427,9.069533087,0.498854482
56,Persons Killed,2003,Number,11,Laois,1.809151015,2.733519157,14.23027167,0.572643269
57,Persons Killed,2003,Number,6,Longford,1.878816346,2.877743849,14.69387755,0.30636212
58,Persons Killed,2003,Number,14,Louth,1.345183762,2.501705031,13.92342118,0.779350912
59,Persons Killed,2003,Number,14,Meath,0.991789401,1.428605443,7.633587786,0.748369623
60,Persons Killed,2003,Number,7,Offaly,1.069894692,1.70023277,9.142359599,0.376522901
61,Persons Killed,2003,Number,15,Westmeath,2.030566799,3.117552513,16.48955661,0.793189149
62,Persons Killed,2003,Number,16,Wexford,1.329522037,1.830827706,9.97609893,0.872283201
63,Persons Killed,2003,Number,9,Wicklow,0.765390732,1.174431325,6.947124662,0.532549631
64,Persons Killed,2003,Number,9,Clare,0.85521252,1.30799378,7.1675073,0.493128168
65,Persons Killed,2003,Number,30,Cork,0.65723318,0.995363817,5.85499138,1.764602082
66,Persons Killed,2003,Number,15,Kerry,1.117102088,1.706436108,9.796451508,0.861425372
67,Persons Killed,2003,Number,13,Limerick,0.731734774,1.223343272,6.849916572,0.728209724
68,Persons Killed,2003,Number,21,Tipperary,1.473994525,2.178717047,11.77130045,0.567015876
69,Persons Killed,2003,Number,5,Waterford,0.484834381,0.764689689,4.578754579,0.299481896
70,Persons Killed,2003,Number,17,Galway,0.792404107,1.27568249,6.904955321,0.920270307
71,Persons Killed,2003,Number,0,Leitrim,0,0,0,0
72,Persons Killed,2003,Number,9,Mayo,0.75641058,1.154312318,6.132182603,0.478329037
73,Persons Killed,2003,Number,6,Roscommon,1.090373816,1.586378298,8.046490836,0.304254492
74,Persons Killed,2003,Number,5,Sligo,0.849632109,1.379868637,7.676560901,0.278189911
75,Persons Killed,2003,Number,15,Cavan,2.572369324,3.851058185,19.96007984,0.777618414
76,Persons Killed,2003,Number,23,Donegal,1.645489927,2.788081557,14.85308363,1.224935425
77,Persons Killed,2003,Number,8,Monaghan,1.49440532,2.446171487,12.3615761,0.404224142
78,Persons Killed,2004,Number,7,Carlow,1.455392228,2.008348994,11.11111111,0.387439578
79,Persons Killed,2004,Number,45,Dublin,0.389648174,0.748430583,5.000555617,3.007049861
80,Persons Killed,2004,Number,19,Kildare,1.084691577,1.714649271,9.549338248,1.058171591
81,Persons Killed,2004,Number,9,Kilkenny,1.071568896,1.636760427,9.069533087,0.498854482
82,Persons Killed,2004,Number,8,Laois,1.272426517,1.988013933,10.34928849,0.416467832
83,Persons Killed,2004,Number,5,Longford,1.526997312,2.398119874,12.24489796,0.255301767
84,Persons Killed,2004,Number,9,Louth,0.846278256,1.608238949,8.950770761,0.501011301
85,Persons Killed,2004,Number,22,Meath,1.48264963,2.24495141,11.99563795,1.176009408
86,Persons Killed,2004,Number,4,Offaly,0.595654699,0.971561583,5.224205485,0.215155943
87,Persons Killed,2004,Number,13,Westmeath,1.716964934,2.701878845,14.29094907,0.687430596
88,Persons Killed,2004,Number,16,Wexford,1.288805117,1.830827706,9.97609893,0.872283201
89,Persons Killed,2004,Number,14,Wicklow,1.162250116,1.826893172,10.80663836,0.828410537
90,Persons Killed,2004,Number,8,Clare,0.746679609,1.162661138,6.3711176,0.438336149
91,Persons Killed,2004,Number,29,Cork,0.624007505,0.962185023,5.659825001,1.705782013
92,Persons Killed,2004,Number,14,Kerry,1.028436263,1.592673701,9.14335474,0.803997014
93,Persons Killed,2004,Number,17,Limerick,0.945537065,1.599756586,8.957583209,0.952274255
94,Persons Killed,2004,Number,19,Tipperary,1.313424582,1.971220185,10.65022422,0.513014364
95,Persons Killed,2004,Number,4,Waterford,0.381901679,0.611751751,3.663003663,0.239585517
96,Persons Killed,2004,Number,25,Galway,1.135084087,1.876003662,10.15434606,1.353338687
97,Persons Killed,2004,Number,4,Leitrim,1.463807363,2.200784947,11.4887506,0.208770083
98,Persons Killed,2004,Number,12,Mayo,0.995536677,1.539083091,8.17624347,0.63777205
99,Persons Killed,2004,Number,9,Roscommon,1.599971556,2.379567448,12.06973625,0.456381738
100,Persons Killed,2004,Number,9,Sligo,1.512096774,2.483763546,13.81780962,0.50074184
101,Persons Killed,2004,Number,8,Cavan,1.328705011,2.053897699,10.64537591,0.414729821
102,Persons Killed,2004,Number,29,Donegal,2.039825841,3.515407181,18.7278011,1.544483796
103,Persons Killed,2004,Number,16,Monaghan,2.946918628,4.892342974,24.7231522,0.808448285
104,Persons Killed,2005,Number,9,Carlow,1.828413547,2.582162992,14.28571429,0.4981366
105,Persons Killed,2005,Number,41,Dublin,0.350118528,0.68190342,4.556061785,2.73975654
106,Persons Killed,2005,Number,14,Kildare,0.774550484,1.263425779,7.036354498,0.779705383
107,Persons Killed,2005,Number,6,Kilkenny,0.699520828,1.091173618,6.046355391,0.332569655
108,Persons Killed,2005,Number,14,Laois,2.155769764,3.479024382,18.11125485,0.728818706
109,Persons Killed,2005,Number,9,Longford,2.682403433,4.316615773,22.04081633,0.45954318
110,Persons Killed,2005,Number,14,Louth,1.288885206,2.501705031,13.92342118,0.779350912
111,Persons Killed,2005,Number,30,Meath,1.927933833,3.061297378,16.35768811,1.603649193
112,Persons Killed,2005,Number,8,Offaly,1.16147391,1.943123166,10.44841097,0.430311886
113,Persons Killed,2005,Number,12,Westmeath,1.547209221,2.494042011,13.19164529,0.634551319
114,Persons Killed,2005,Number,21,Wexford,1.641304603,2.402961364,13.09362985,1.144871702
115,Persons Killed,2005,Number,8,Wicklow,0.648692479,1.043938956,6.175221922,0.473377449
116,Persons Killed,2005,Number,12,Clare,1.100463112,1.743991706,9.5566764,0.657504224
117,Persons Killed,2005,Number,39,Cork,0.824496423,1.293972961,7.611488794,2.293982707
118,Persons Killed,2005,Number,11,Kerry,0.797205433,1.251386479,7.184064439,0.631711939
119,Persons Killed,2005,Number,17,Limerick,0.934461283,1.599756586,8.957583209,0.952274255
120,Persons Killed,2005,Number,15,Tipperary,1.02145046,1.556226462,8.408071749,0.40501134
121,Persons Killed,2005,Number,9,Waterford,0.846262341,1.37644144,8.241758242,0.539067413
122,Persons Killed,2005,Number,21,Galway,0.929372143,1.575843076,8.52965069,1.136804497
123,Persons Killed,2005,Number,8,Leitrim,2.848901392,4.401569893,22.9775012,0.417540166
124,Persons Killed,2005,Number,14,Mayo,1.146666885,1.79559694,9.538950715,0.744067391
125,Persons Killed,2005,Number,5,Roscommon,0.869943454,1.321981915,6.70540903,0.25354541
126,Persons Killed,2005,Number,11,Sligo,1.827515742,3.035711,16.88843398,0.612017804
127,Persons Killed,2005,Number,10,Cavan,1.610150388,2.567372123,13.30671989,0.518412276
128,Persons Killed,2005,Number,27,Donegal,1.86771074,3.272965307,17.43622861,1.437967672
129,Persons Killed,2005,Number,11,Monaghan,1.998001998,3.363485794,16.99716714,0.555808196
130,Persons Killed,2006,Number,7,Carlow,1.390295736,2.008348994,11.11111111,0.387439578
131,Persons Killed,2006,Number,34,Dublin,0.28639393,0.565480885,3.778197578,2.271993229
132,Persons Killed,2006,Number,23,Kildare,1.234336008,2.075628065,11.55972525,1.280944557
133,Persons Killed,2006,Number,4,Kilkenny,0.456840037,0.727449079,4.030903594,0.221713103
134,Persons Killed,2006,Number,8,Laois,1.193816033,1.988013933,10.34928849,0.416467832
135,Persons Killed,2006,Number,6,Longford,1.746165711,2.877743849,14.69387755,0.30636212
136,Persons Killed,2006,Number,14,Louth,1.26246686,2.501705031,13.92342118,0.779350912
137,Persons Killed,2006,Number,22,Meath,1.351094079,2.24495141,11.99563795,1.176009408
138,Persons Killed,2006,Number,9,Offaly,1.274715314,2.186013561,11.75446234,0.484100872
139,Persons Killed,2006,Number,18,Westmeath,2.266916867,3.741063016,19.78746794,0.951826979
140,Persons Killed,2006,Number,20,Wexford,1.518038088,2.288534632,12.47012366,1.090354002
141,Persons Killed,2006,Number,11,Wicklow,0.871673772,1.435416064,8.490930143,0.650893993
142,Persons Killed,2006,Number,9,Clare,0.811176205,1.30799378,7.1675073,0.493128168
143,Persons Killed,2006,Number,33,Cork,0.685650173,1.094900198,6.440490518,1.94106229
144,Persons Killed,2006,Number,21,Kerry,1.501769943,2.389010551,13.71503211,1.205995521
145,Persons Killed,2006,Number,16,Limerick,0.869305371,1.505653257,8.43066655,0.896258122
146,Persons Killed,2006,Number,26,Tipperary,1.744498121,2.697459201,14.57399103,0.702019657
147,Persons Killed,2006,Number,8,Waterford,0.741008327,1.223503502,7.326007326,0.479171034
148,Persons Killed,2006,Number,19,Galway,0.820132084,1.425762783,7.717303006,1.028537402
149,Persons Killed,2006,Number,3,Leitrim,1.040330131,1.65058871,8.616562949,0.156577562
150,Persons Killed,2006,Number,11,Mayo,0.889622153,1.410826167,7.494889848,0.584624379
151,Persons Killed,2006,Number,5,Roscommon,0.851788756,1.321981915,6.70540903,0.25354541
152,Persons Killed,2006,Number,4,Sligo,0.657213742,1.103894909,6.141248721,0.222551929
153,Persons Killed,2006,Number,7,Cavan,1.093698733,1.797160486,9.314703925,0.362888593
154,Persons Killed,2006,Number,19,Donegal,1.292903998,2.303197808,12.26993865,1.011903177
155,Persons Killed,2006,Number,8,Monaghan,1.43328078,2.446171487,12.3615761,0.404224142
156,Persons Killed,2007,Number,3,Carlow,0.585926056,0.860720997,4.761904762,0.166045533
157,Persons Killed,2007,Number,35,Dublin,0.290731239,0.582112675,3.889321036,2.338816559
158,Persons Killed,2007,Number,13,Kildare,0.680165332,1.17318108,6.533757748,0.724012141
159,Persons Killed,2007,Number,12,Kilkenny,1.346348031,2.182347236,12.09271078,0.66513931
160,Persons Killed,2007,Number,5,Laois,0.717144046,1.242508708,6.468305304,0.260292395
161,Persons Killed,2007,Number,6,Longford,1.700294718,2.877743849,14.69387755,0.30636212
162,Persons Killed,2007,Number,16,Louth,1.412254841,2.859091464,15.91248135,0.890686757
163,Persons Killed,2007,Number,14,Meath,0.837866791,1.428605443,7.633587786,0.748369623
164,Persons Killed,2007,Number,5,Offaly,0.696184907,1.214451979,6.530256857,0.268944929
165,Persons Killed,2007,Number,14,Westmeath,1.733638784,2.909715679,15.39025284,0.740309873
166,Persons Killed,2007,Number,17,Wexford,1.264288317,1.945254437,10.59960511,0.926800901
167,Persons Killed,2007,Number,9,Wicklow,0.701573864,1.174431325,6.947124662,0.532549631
168,Persons Killed,2007,Number,12,Clare,1.069528249,1.743991706,9.5566764,0.657504224
169,Persons Killed,2007,Number,31,Cork,0.666672401,1.02854261,6.050157759,1.823422152
170,Persons Killed,2007,Number,14,Kerry,0.993133193,1.592673701,9.14335474,0.803997014
171,Persons Killed,2007,Number,16,Limerick,0.862045742,1.505653257,8.43066655,0.896258122
172,Persons Killed,2007,Number,18,Tipperary,1.192195096,1.867471754,10.0896861,0.486013608
173,Persons Killed,2007,Number,6,Waterford,0.549818102,0.917627627,5.494505495,0.359378276
174,Persons Killed,2007,Number,24,Galway,1.019350674,1.800963515,9.748172218,1.299205139
175,Persons Killed,2007,Number,7,Leitrim,2.378686965,3.851373657,20.10531355,0.365347646
176,Persons Killed,2007,Number,9,Mayo,0.719735137,1.154312318,6.132182603,0.478329037
177,Persons Killed,2007,Number,7,Roscommon,1.171097318,1.850774681,9.387572642,0.354963574
178,Persons Killed,2007,Number,7,Sligo,1.133254545,1.931816091,10.74718526,0.389465875
179,Persons Killed,2007,Number,10,Cavan,1.518856605,2.567372123,13.30671989,0.518412276
180,Persons Killed,2007,Number,22,Donegal,1.468703269,2.66686062,14.20729738,1.171677363
181,Persons Killed,2007,Number,6,Monaghan,1.057287353,1.834628615,9.271182076,0.303168107
182,Persons Killed,2008,Number,1,Carlow,0.192108195,0.286906999,1.587301587,0.055348511
183,Persons Killed,2008,Number,22,Dublin,0.180247201,0.365899396,2.44471608,1.470113266
184,Persons Killed,2008,Number,13,Kildare,0.663519204,1.17318108,6.533757748,0.724012141
185,Persons Killed,2008,Number,5,Kilkenny,0.551255761,0.909311348,5.038629493,0.277141379
186,Persons Killed,2008,Number,12,Laois,1.656772056,2.982020899,15.52393273,0.624701748
187,Persons Killed,2008,Number,3,Longford,0.828363154,1.438871924,7.346938776,0.15318106
188,Persons Killed,2008,Number,7,Louth,0.605039111,1.250852516,6.961710592,0.389675456
189,Persons Killed,2008,Number,9,Meath,0.525234605,0.918389213,4.907306434,0.481094758
190,Persons Killed,2008,Number,8,Offaly,1.095335241,1.943123166,10.44841097,0.430311886
191,Persons Killed,2008,Number,3,Westmeath,0.365376886,0.623510503,3.297911323,0.15863783
192,Persons Killed,2008,Number,16,Wexford,1.166376288,1.830827706,9.97609893,0.872283201
193,Persons Killed,2008,Number,4,Wicklow,0.306814347,0.521969478,3.087610961,0.236688725
194,Persons Killed,2008,Number,7,Clare,0.617022777,1.017328495,5.5747279,0.38354413
195,Persons Killed,2008,Number,24,Cork,0.534882114,0.796291053,4.683993104,1.411681666
196,Persons Killed,2008,Number,19,Kerry,1.337077149,2.161485737,12.40883858,1.091138804
197,Persons Killed,2008,Number,18,Limerick,0.961764517,1.693859915,9.484499868,1.008290388
198,Persons Killed,2008,Number,21,Tipperary,1.373222168,2.178717047,11.77130045,0.567015876
199,Persons Killed,2008,Number,7,Waterford,0.634667344,1.070565564,6.41025641,0.419274655
200,Persons Killed,2008,Number,24,Galway,1.003268985,1.800963515,9.748172218,1.299205139
201,Persons Killed,2008,Number,5,Leitrim,1.665556296,2.750981183,14.36093825,0.260962604
202,Persons Killed,2008,Number,10,Mayo,0.79086394,1.282569243,6.813536225,0.531476708
203,Persons Killed,2008,Number,3,Roscommon,0.493048023,0.793189149,4.023245418,0.152127246
204,Persons Killed,2008,Number,7,Sligo,1.116872756,1.931816091,10.74718526,0.389465875
205,Persons Killed,2008,Number,8,Cavan,1.182120429,2.053897699,10.64537591,0.414729821
206,Persons Killed,2008,Number,18,Donegal,1.179337998,2.181976871,11.62415241,0.958645115
207,Persons Killed,2008,Number,5,Monaghan,0.866821539,1.528857179,7.725985063,0.252640089
208,Persons Killed,2009,Number,3,Carlow,0.567043436,0.860720997,4.761904762,0.166045533
209,Persons Killed,2009,Number,31,Dublin,0.250559313,0.515585512,3.444827203,2.071523238
210,Persons Killed,2009,Number,10,Kildare,0.498203975,0.902446985,5.025967499,0.556932416
211,Persons Killed,2009,Number,5,Kilkenny,0.541864447,0.909311348,5.038629493,0.277141379
212,Persons Killed,2009,Number,5,Laois,0.665424541,1.242508708,6.468305304,0.260292395
213,Persons Killed,2009,Number,2,Longford,0.538444971,0.95924795,4.897959184,0.102120707
214,Persons Killed,2009,Number,5,Louth,0.42338795,0.893466083,4.972650423,0.278339611
215,Persons Killed,2009,Number,12,Meath,0.683320711,1.224518951,6.543075245,0.641459677
216,Persons Killed,2009,Number,4,Offaly,0.538698773,0.971561583,5.224205485,0.215155943
217,Persons Killed,2009,Number,4,Westmeath,0.47927725,0.831347337,4.397215097,0.211517106
218,Persons Killed,2009,Number,4,Wexford,0.285936908,0.457706926,2.494024732,0.2180708
219,Persons Killed,2009,Number,4,Wicklow,0.301975676,0.521969478,3.087610961,0.236688725
220,Persons Killed,2009,Number,7,Clare,0.61030367,1.017328495,5.5747279,0.38354413
221,Persons Killed,2009,Number,21,Cork,0.485662548,0.696754672,4.098493966,1.235221458
222,Persons Killed,2009,Number,12,Kerry,0.837784061,1.365148887,7.837161206,0.689140297
223,Persons Killed,2009,Number,22,Limerick,1.165828507,2.070273229,11.59216651,1.232354918
224,Persons Killed,2009,Number,12,Tipperary,0.774853424,1.24498117,6.726457399,0.324009072
225,Persons Killed,2009,Number,3,Waterford,0.269152439,0.458813813,2.747252747,0.179689138
226,Persons Killed,2009,Number,23,Galway,0.946533219,1.725923369,9.341998375,1.245071592
227,Persons Killed,2009,Number,0,Leitrim,0,0,0,0
228,Persons Killed,2009,Number,10,Mayo,0.782215547,1.282569243,6.813536225,0.531476708
229,Persons Killed,2009,Number,4,Roscommon,0.646005265,1.057585532,5.364327224,0.202836328
230,Persons Killed,2009,Number,7,Sligo,1.100957833,1.931816091,10.74718526,0.389465875
231,Persons Killed,2009,Number,9,Cavan,1.294759103,2.310634911,11.9760479,0.466571048
232,Persons Killed,2009,Number,14,Donegal,0.900530026,1.697093122,9.041007427,0.745612867
233,Persons Killed,2009,Number,5,Monaghan,0.853009417,1.528857179,7.725985063,0.252640089
234,Persons Killed,2010,Number,5,Carlow,0.930076824,1.434534995,7.936507937,0.276742556
235,Persons Killed,2010,Number,20,Dublin,0.15950019,0.332635815,2.222469163,1.336466605
236,Persons Killed,2010,Number,11,Kildare,0.535238132,0.992691683,5.528564249,0.612625658
237,Persons Killed,2010,Number,6,Kilkenny,0.63934531,1.091173618,6.046355391,0.332569655
238,Persons Killed,2010,Number,9,Laois,1.156084214,2.236515674,11.64294955,0.468526311
239,Persons Killed,2010,Number,2,Longford,0.525320445,0.95924795,4.897959184,0.102120707
240,Persons Killed,2010,Number,8,Louth,0.663922454,1.429545732,7.956240676,0.445343378
241,Persons Killed,2010,Number,6,Meath,0.33356683,0.612259476,3.271537623,0.320729839
242,Persons Killed,2010,Number,4,Offaly,0.530011925,0.971561583,5.224205485,0.215155943
243,Persons Killed,2010,Number,7,Westmeath,0.825364634,1.45485784,7.69512642,0.370154936
244,Persons Killed,2010,Number,9,Wexford,0.631113916,1.029840584,5.611555648,0.490659301
245,Persons Killed,2010,Number,5,Wicklow,0.371609067,0.652461847,3.859513701,0.295860906
246,Persons Killed,2010,Number,4,Clare,0.344988184,0.581330569,3.1855588,0.219168075
247,Persons Killed,2010,Number,18,Cork,0.43258832,0.59721829,3.512994828,1.058761249
248,Persons Killed,2010,Number,11,Kerry,0.761941705,1.251386479,7.184064439,0.631711939
249,Persons Killed,2010,Number,18,Limerick,0.946083739,1.693859915,9.484499868,1.008290388
250,Persons Killed,2010,Number,6,Tipperary,0.382626219,0.622490585,3.3632287,0.162004536
251,Persons Killed,2010,Number,5,Waterford,0.44393934,0.764689689,4.578754579,0.299481896
252,Persons Killed,2010,Number,6,Galway,0.243145328,0.450240879,2.437043054,0.324801285
253,Persons Killed,2010,Number,3,Leitrim,0.961415203,1.65058871,8.616562949,0.156577562
254,Persons Killed,2010,Number,7,Mayo,0.541627979,0.89779847,4.769475358,0.372033696
255,Persons Killed,2010,Number,9,Roscommon,1.428752858,2.379567448,12.06973625,0.456381738
256,Persons Killed,2010,Number,3,Sligo,0.465210042,0.827921182,4.60593654,0.166913947
257,Persons Killed,2010,Number,7,Cavan,0.98112044,1.797160486,9.314703925,0.362888593
258,Persons Killed,2010,Number,19,Donegal,1.200252685,2.303197808,12.26993865,1.011903177
259,Persons Killed,2010,Number,4,Monaghan,0.67171573,1.223085743,6.18078805,0.202112071
260,Persons Killed,2011,Number,3,Carlow,0.549329818,0.860720997,4.761904762,0.166045533
261,Persons Killed,2011,Number,11,Dublin,0.086573068,0.182949698,1.22235804,0.735056633
262,Persons Killed,2011,Number,15,Kildare,0.713226064,1.353670477,7.538951248,0.835398624
263,Persons Killed,2011,Number,6,Kilkenny,0.628805584,1.091173618,6.046355391,0.332569655
264,Persons Killed,2011,Number,1,Laois,0.124132623,0.248501742,1.293661061,0.052058479
265,Persons Killed,2011,Number,2,Longford,0.512820513,0.95924795,4.897959184,0.102120707
266,Persons Killed,2011,Number,6,Louth,0.488213707,1.072159299,5.967180507,0.334007534
267,Persons Killed,2011,Number,4,Meath,0.217231922,0.408172984,2.181025082,0.213819892
268,Persons Killed,2011,Number,4,Offaly,0.521600793,0.971561583,5.224205485,0.215155943
269,Persons Killed,2011,Number,6,Westmeath,0.696346502,1.247021005,6.595822646,0.31727566
270,Persons Killed,2011,Number,5,Wexford,0.344068263,0.572133658,3.117530916,0.2725885
271,Persons Killed,2011,Number,3,Wicklow,0.219555035,0.391477108,2.315708221,0.177516544
272,Persons Killed,2011,Number,2,Clare,0.170654289,0.290665284,1.5927794,0.109584037
273,Persons Killed,2011,Number,27,Cork,0.67533429,0.895827435,5.269492242,1.588141874
274,Persons Killed,2011,Number,7,Kerry,0.481093043,0.79633685,4.57167737,0.401998507
275,Persons Killed,2011,Number,15,Limerick,0.782027955,1.411549929,7.90374989,0.84024199
276,Persons Killed,2011,Number,11,Tipperary,0.692895927,1.141232739,6.165919283,0.297008316
277,Persons Killed,2011,Number,7,Waterford,0.615141263,1.070565564,6.41025641,0.419274655
278,Persons Killed,2011,Number,13,Galway,0.51887715,0.975521904,5.280259951,0.703736117
279,Persons Killed,2011,Number,1,Leitrim,0.314504969,0.550196237,2.87218765,0.052192521
280,Persons Killed,2011,Number,12,Mayo,0.91856887,1.539083091,8.17624347,0.63777205
281,Persons Killed,2011,Number,5,Roscommon,0.780457348,1.321981915,6.70540903,0.25354541
282,Persons Killed,2011,Number,3,Sligo,0.4587647,0.827921182,4.60593654,0.166913947
283,Persons Killed,2011,Number,5,Cavan,0.68321878,1.283686062,6.653359947,0.259206138
284,Persons Killed,2011,Number,6,Donegal,0.37235396,0.727325624,3.874717469,0.319548372
285,Persons Killed,2011,Number,6,Monaghan,0.992014285,1.834628615,9.271182076,0.303168107
286,Persons Killed,2012,Number,2,Carlow,0.363134578,0.573813998,3.174603175,0.110697022
287,Persons Killed,2012,Number,12,Dublin,0.093344389,0.199581489,1.333481498,0.801879963
288,Persons Killed,2012,Number,1,Kildare,0.047003525,0.090244698,0.50259675,0.055693242
289,Persons Killed,2012,Number,3,Kilkenny,0.311911916,0.545586809,3.023177696,0.166284827
290,Persons Killed,2012,Number,0,Laois,0,0,0,0
291,Persons Killed,2012,Number,5,Longford,1.269873521,2.398119874,12.24489796,0.255301767
292,Persons Killed,2012,Number,7,Louth,0.564088514,1.250852516,6.961710592,0.389675456
293,Persons Killed,2012,Number,14,Meath,0.75141158,1.428605443,7.633587786,0.748369623
294,Persons Killed,2012,Number,7,Offaly,0.909788019,1.70023277,9.142359599,0.376522901
295,Persons Killed,2012,Number,5,Westmeath,0.576801061,1.039184171,5.496518871,0.264396383
296,Persons Killed,2012,Number,9,Wexford,0.615595075,1.029840584,5.611555648,0.490659301
297,Persons Killed,2012,Number,3,Wicklow,0.217711561,0.391477108,2.315708221,0.177516544
298,Persons Killed,2012,Number,2,Clare,0.170183799,0.290665284,1.5927794,0.109584037
299,Persons Killed,2012,Number,21,Cork,0.52072614,0.696754672,4.098493966,1.235221458
300,Persons Killed,2012,Number,7,Kerry,0.479639311,0.79633685,4.57167737,0.401998507
301,Persons Killed,2012,Number,5,Limerick,0.259838796,0.470516643,2.634583297,0.280080663
302,Persons Killed,2012,Number,5,Tipperary,0.314637569,0.518742154,2.802690583,0.13500378
303,Persons Killed,2012,Number,3,Waterford,0.262533801,0.458813813,2.747252747,0.179689138
304,Persons Killed,2012,Number,19,Galway,0.753836632,1.425762783,7.717303006,1.028537402
305,Persons Killed,2012,Number,0,Leitrim,0,0,0,0
306,Persons Killed,2012,Number,7,Mayo,0.535942608,0.89779847,4.769475358,0.372033696
307,Persons Killed,2012,Number,3,Roscommon,0.467581047,0.793189149,4.023245418,0.152127246
308,Persons Killed,2012,Number,4,Sligo,0.611424466,1.103894909,6.141248721,0.222551929
309,Persons Killed,2012,Number,10,Cavan,1.355362492,2.567372123,13.30671989,0.518412276
310,Persons Killed,2012,Number,7,Donegal,0.435464205,0.848546561,4.520503713,0.372806434
311,Persons Killed,2012,Number,2,Monaghan,0.329690256,0.611542872,3.090394025,0.101056036
312,Persons Killed,2013,Number,2,Carlow,0.360100828,0.573813998,3.174603175,0.110697022
313,Persons Killed,2013,Number,19,Dublin,0.146095183,0.316004024,2.111345705,1.269643275
314,Persons Killed,2013,Number,15,Kildare,0.697064892,1.353670477,7.538951248,0.835398624
315,Persons Killed,2013,Number,4,Kilkenny,0.412609341,0.727449079,4.030903594,0.221713103
316,Persons Killed,2013,Number,2,Laois,0.24326757,0.497003483,2.587322122,0.104116958
317,Persons Killed,2013,Number,2,Longford,0.503157312,0.95924795,4.897959184,0.102120707
318,Persons Killed,2013,Number,4,Louth,0.31925677,0.714772866,3.978120338,0.222671689
319,Persons Killed,2013,Number,9,Meath,0.477458647,0.918389213,4.907306434,0.481094758
320,Persons Killed,2013,Number,5,Offaly,0.647701953,1.214451979,6.530256857,0.268944929
321,Persons Killed,2013,Number,5,Westmeath,0.573355044,1.039184171,5.496518871,0.264396383
322,Persons Killed,2013,Number,7,Wexford,0.475931466,0.800987121,4.364543282,0.381623901
323,Persons Killed,2013,Number,6,Wicklow,0.431797573,0.782954217,4.631416442,0.355033087
324,Persons Killed,2013,Number,2,Clare,0.169715896,0.290665284,1.5927794,0.109584037
325,Persons Killed,2013,Number,18,Cork,0.442515949,0.59721829,3.512994828,1.058761249
326,Persons Killed,2013,Number,14,Kerry,0.956388676,1.592673701,9.14335474,0.803997014
327,Persons Killed,2013,Number,6,Limerick,0.310808361,0.564619972,3.161499956,0.336096796
328,Persons Killed,2013,Number,12,Tipperary,0.754370635,1.24498117,6.726457399,0.324009072
329,Persons Killed,2013,Number,2,Waterford,0.174296496,0.305875876,1.831501832,0.119792759
330,Persons Killed,2013,Number,13,Galway,0.512725451,0.975521904,5.280259951,0.703736117
331,Persons Killed,2013,Number,2,Leitrim,0.627057533,1.100392473,5.744375299,0.104385042
332,Persons Killed,2013,Number,6,Mayo,0.459470843,0.769541546,4.088121735,0.318886025
333,Persons Killed,2013,Number,4,Roscommon,0.62250996,1.057585532,5.364327224,0.202836328
334,Persons Killed,2013,Number,5,Sligo,0.763953613,1.379868637,7.676560901,0.278189911
335,Persons Killed,2013,Number,3,Cavan,0.40333423,0.770211637,3.992015968,0.155523683
336,Persons Killed,2013,Number,13,Donegal,0.810681034,1.575872185,8.395221182,0.692354805
337,Persons Killed,2013,Number,8,Monaghan,1.314837946,2.446171487,12.3615761,0.404224142
338,Persons Killed,2014,Number,5,Carlow,0.892793372,1.434534995,7.936507937,0.276742556
339,Persons Killed,2014,Number,28,Dublin,0.212849739,0.46569014,3.111456829,1.871053247
340,Persons Killed,2014,Number,4,Kildare,0.183800723,0.360978794,2.010386999,0.222772967
341,Persons Killed,2014,Number,3,Kilkenny,0.30704358,0.545586809,3.023177696,0.166284827
342,Persons Killed,2014,Number,7,Laois,0.842957093,1.739512191,9.055627426,0.364409353
343,Persons Killed,2014,Number,4,Longford,0.996934427,1.918495899,9.795918367,0.204241413
344,Persons Killed,2014,Number,6,Louth,0.474349548,1.072159299,5.967180507,0.334007534
345,Persons Killed,2014,Number,5,Meath,0.262219425,0.51021623,2.726281352,0.267274865
346,Persons Killed,2014,Number,2,Offaly,0.258227783,0.485780791,2.612102743,0.107577972
347,Persons Killed,2014,Number,6,Westmeath,0.68393995,1.247021005,6.595822646,0.31727566
348,Persons Killed,2014,Number,4,Wexford,0.270341509,0.457706926,2.494024732,0.2180708
349,Persons Killed,2014,Number,7,Wicklow,0.499603885,0.913446586,5.403319182,0.414205268
350,Persons Killed,2014,Number,5,Clare,0.423126396,0.726663211,3.9819485,0.273960093
351,Persons Killed,2014,Number,19,Cork,0.463135623,0.630397084,3.708161207,1.117581319
352,Persons Killed,2014,Number,14,Kerry,0.953516091,1.592673701,9.14335474,0.803997014
353,Persons Killed,2014,Number,10,Limerick,0.516360895,0.941033286,5.269166593,0.560161326
354,Persons Killed,2014,Number,14,Tipperary,0.879214736,1.452478031,7.847533632,0.378010584
355,Persons Killed,2014,Number,6,Waterford,0.520729368,0.917627627,5.494505495,0.359378276
356,Persons Killed,2014,Number,5,Galway,0.196039224,0.375200732,2.030869212,0.270667737
357,Persons Killed,2014,Number,1,Leitrim,0.313047834,0.550196237,2.87218765,0.052192521
358,Persons Killed,2014,Number,12,Mayo,0.919124687,1.539083091,8.17624347,0.63777205
359,Persons Killed,2014,Number,6,Roscommon,0.932371954,1.586378298,8.046490836,0.304254492
360,Persons Killed,2014,Number,1,Sligo,0.152723052,0.275973727,1.53531218,0.055637982
361,Persons Killed,2014,Number,1,Cavan,0.133372456,0.256737212,1.330671989,0.051841228
362,Persons Killed,2014,Number,9,Donegal,0.562605489,1.090988436,5.812076203,0.479322557
363,Persons Killed,2014,Number,8,Monaghan,1.310959622,2.446171487,12.3615761,0.404224142
364,Persons Killed,2015,Number,4,Carlow,0.7083658,1.147627996,6.349206349,0.221394045
365,Persons Killed,2015,Number,16,Dublin,0.120260786,0.266108652,1.777975331,1.069173284
366,Persons Killed,2015,Number,9,Kildare,0.408970077,0.812202286,4.523370749,0.501239175
367,Persons Killed,2015,Number,2,Kilkenny,0.203109608,0.363724539,2.015451797,0.110856552
368,Persons Killed,2015,Number,4,Laois,0.476934267,0.994006966,5.174644243,0.208233916
369,Persons Killed,2015,Number,5,Longford,1.234628871,2.398119874,12.24489796,0.255301767
370,Persons Killed,2015,Number,6,Louth,0.46990273,1.072159299,5.967180507,0.334007534
371,Persons Killed,2015,Number,8,Meath,0.414804368,0.816345967,4.362050164,0.427639785
372,Persons Killed,2015,Number,5,Offaly,0.643450956,1.214451979,6.530256857,0.268944929
373,Persons Killed,2015,Number,5,Westmeath,0.566585078,1.039184171,5.496518871,0.264396383
374,Persons Killed,2015,Number,7,Wexford,0.470300522,0.800987121,4.364543282,0.381623901
375,Persons Killed,2015,Number,8,Wicklow,0.566299516,1.043938956,6.175221922,0.473377449
376,Persons Killed,2015,Number,2,Clare,0.168787766,0.290665284,1.5927794,0.109584037
377,Persons Killed,2015,Number,15,Cork,0.362556166,0.497681908,2.92749569,0.882301041
378,Persons Killed,2015,Number,8,Kerry,0.543234691,0.910099258,5.224774137,0.459426865
379,Persons Killed,2015,Number,4,Limerick,0.205887349,0.376413314,2.107666637,0.224064531
380,Persons Killed,2015,Number,4,Tipperary,0.250952049,0.414993723,2.242152466,0.108003024
381,Persons Killed,2015,Number,0,Waterford,0,0,0,0
382,Persons Killed,2015,Number,12,Galway,0.467737786,0.900481758,4.874086109,0.64960257
383,Persons Killed,2015,Number,3,Leitrim,0.937675814,1.65058871,8.616562949,0.156577562
384,Persons Killed,2015,Number,13,Mayo,0.995916741,1.667340016,8.857597093,0.69091972
385,Persons Killed,2015,Number,1,Roscommon,0.155163853,0.264396383,1.341081806,0.050709082
386,Persons Killed,2015,Number,2,Sligo,0.305315544,0.551947455,3.07062436,0.111275964
387,Persons Killed,2015,Number,4,Cavan,0.529261548,1.026948849,5.322687957,0.20736491
388,Persons Killed,2015,Number,11,Donegal,0.689305118,1.33343031,7.103648692,0.585838681
389,Persons Killed,2015,Number,4,Monaghan,0.653541377,1.223085743,6.18078805,0.202112071
390,Persons Killed,2016,Number,0,Carlow,0,0,0,0
391,Persons Killed,2016,Number,21,Dublin,0.156087177,0.349267605,2.333592621,1.403289935
392,Persons Killed,2016,Number,7,Kildare,0.314601086,0.631712889,3.518177249,0.389852691
393,Persons Killed,2016,Number,6,Kilkenny,0.604643663,1.091173618,6.046355391,0.332569655
394,Persons Killed,2016,Number,3,Laois,0.354203809,0.745505225,3.880983182,0.156175437
395,Persons Killed,2016,Number,3,Longford,0.733980868,1.438871924,7.346938776,0.15318106
396,Persons Killed,2016,Number,7,Louth,0.54312405,1.250852516,6.961710592,0.389675456
397,Persons Killed,2016,Number,12,Meath,0.615245791,1.224518951,6.543075245,0.641459677
398,Persons Killed,2016,Number,4,Offaly,0.513077051,0.971561583,5.224205485,0.215155943
399,Persons Killed,2016,Number,4,Westmeath,0.450602681,0.831347337,4.397215097,0.211517106
400,Persons Killed,2016,Number,4,Wexford,0.267161807,0.457706926,2.494024732,0.2180708
401,Persons Killed,2016,Number,2,Wicklow,0.140424785,0.260984739,1.543805481,0.118344362
402,Persons Killed,2016,Number,4,Clare,0.336652163,0.581330569,3.1855588,0.219168075
403,Persons Killed,2016,Number,21,Cork,0.503342433,0.696754672,4.098493966,1.235221458
404,Persons Killed,2016,Number,7,Kerry,0.473911189,0.79633685,4.57167737,0.401998507
405,Persons Killed,2016,Number,14,Limerick,0.718320771,1.3174466,7.376833231,0.784225857
406,Persons Killed,2016,Number,13,Tipperary,0.814776281,1.3487296,7.286995516,0.351009828
407,Persons Killed,2016,Number,8,Waterford,0.688610384,1.223503502,7.326007326,0.479171034
408,Persons Killed,2016,Number,10,Galway,0.387509785,0.750401465,4.061738424,0.541335475
409,Persons Killed,2016,Number,1,Leitrim,0.312070903,0.550196237,2.87218765,0.052192521
410,Persons Killed,2016,Number,4,Mayo,0.30649697,0.513027697,2.72541449,0.212590683
411,Persons Killed,2016,Number,7,Roscommon,1.084531482,1.850774681,9.387572642,0.354963574
412,Persons Killed,2016,Number,2,Sligo,0.305180438,0.551947455,3.07062436,0.111275964
413,Persons Killed,2016,Number,3,Cavan,0.393824827,0.770211637,3.992015968,0.155523683
414,Persons Killed,2016,Number,10,Donegal,0.62817227,1.212209373,6.457862448,0.532580619
415,Persons Killed,2016,Number,5,Monaghan,0.814517968,1.528857179,7.725985063,0.252640089
416,Persons Killed,2017,Number,3,Carlow,0.519345625,0.860720997,4.761904762,0.166045533
417,Persons Killed,2017,Number,24,Dublin,0.176088502,0.399162977,2.666962996,1.603759926
418,Persons Killed,2017,Number,6,Kildare,0.264804795,0.541468191,3.015580499,0.33415945
419,Persons Killed,2017,Number,4,Kilkenny,0.400104027,0.727449079,4.030903594,0.221713103
420,Persons Killed,2017,Number,2,Laois,0.232945479,0.497003483,2.587322122,0.104116958
421,Persons Killed,2017,Number,2,Longford,0.478091459,0.95924795,4.897959184,0.102120707
422,Persons Killed,2017,Number,10,Louth,0.765778874,1.786932165,9.945300845,0.556679223
423,Persons Killed,2017,Number,8,Meath,0.401501616,0.816345967,4.362050164,0.427639785
424,Persons Killed,2017,Number,2,Offaly,0.25398438,0.485780791,2.612102743,0.107577972
425,Persons Killed,2017,Number,1,Westmeath,0.111175346,0.207836834,1.099303774,0.052879277
426,Persons Killed,2017,Number,7,Wexford,0.46045967,0.800987121,4.364543282,0.381623901
427,Persons Killed,2017,Number,2,Wicklow,0.13831163,0.260984739,1.543805481,0.118344362
428,Persons Killed,2017,Number,4,Clare,0.332640333,0.581330569,3.1855588,0.219168075
429,Persons Killed,2017,Number,14,Cork,0.314927331,0.464503114,2.732329311,0.823480972
430,Persons Killed,2017,Number,8,Kerry,0.537038902,0.910099258,5.224774137,0.459426865
431,Persons Killed,2017,Number,7,Limerick,0.355951509,0.6587233,3.688416615,0.392112929
432,Persons Killed,2017,Number,7,Tipperary,0.435042013,0.726239016,3.923766816,0.189005292
433,Persons Killed,2017,Number,4,Waterford,0.339000288,0.611751751,3.663003663,0.239585517
434,Persons Killed,2017,Number,5,Galway,0.191480643,0.375200732,2.030869212,0.270667737
435,Persons Killed,2017,Number,1,Leitrim,0.307210224,0.550196237,2.87218765,0.052192521
436,Persons Killed,2017,Number,13,Mayo,0.987639314,1.667340016,8.857597093,0.69091972
437,Persons Killed,2017,Number,4,Roscommon,0.611134877,1.057585532,5.364327224,0.202836328
438,Persons Killed,2017,Number,1,Sligo,0.150945675,0.275973727,1.53531218,0.055637982
439,Persons Killed,2017,Number,2,Cavan,0.259696415,0.513474425,2.661343979,0.103682455
440,Persons Killed,2017,Number,6,Donegal,0.374111485,0.727325624,3.874717469,0.319548372
441,Persons Killed,2017,Number,8,Monaghan,1.291155584,2.446171487,12.3615761,0.404224142
442,Persons Killed,2018,Number,2,Carlow,0.341308577,0.573813998,3.174603175,0.110697022
443,Persons Killed,2018,Number,14,Dublin,0.101412458,0.23284507,1.555728414,0.935526624
444,Persons Killed,2018,Number,4,Kildare,0.173414665,0.360978794,2.010386999,0.222772967
445,Persons Killed,2018,Number,2,Kilkenny,0.19857818,0.363724539,2.015451797,0.110856552
446,Persons Killed,2018,Number,5,Laois,0.574600365,1.242508708,6.468305304,0.260292395
447,Persons Killed,2018,Number,3,Longford,0.701049237,1.438871924,7.346938776,0.15318106
448,Persons Killed,2018,Number,6,Louth,0.45355245,1.072159299,5.967180507,0.334007534
449,Persons Killed,2018,Number,7,Meath,0.344046279,0.714302721,3.816793893,0.374184812
450,Persons Killed,2018,Number,2,Offaly,0.25147743,0.485780791,2.612102743,0.107577972
451,Persons Killed,2018,Number,5,Westmeath,0.548690824,1.039184171,5.496518871,0.264396383
452,Persons Killed,2018,Number,3,Wexford,0.194397465,0.343280195,1.870518549,0.1635531
453,Persons Killed,2018,Number,5,Wicklow,0.340650506,0.652461847,3.859513701,0.295860906
454,Persons Killed,2018,Number,6,Clare,0.493080438,0.871995853,4.7783382,0.328752112
455,Persons Killed,2018,Number,15,Cork,0.317874732,0.497681908,2.92749569,0.882301041
456,Persons Killed,2018,Number,3,Kerry,0.199701779,0.341287222,1.959290302,0.172285074
457,Persons Killed,2018,Number,9,Limerick,0.453597024,0.846929957,4.742249934,0.504145194
458,Persons Killed,2018,Number,10,Tipperary,0.616313827,1.037484308,5.605381166,0.27000756
459,Persons Killed,2018,Number,3,Waterford,0.250392281,0.458813813,2.747252747,0.179689138
460,Persons Killed,2018,Number,7,Galway,0.264961827,0.525281025,2.843216897,0.378934832
461,Persons Killed,2018,Number,1,Leitrim,0.302498639,0.550196237,2.87218765,0.052192521
462,Persons Killed,2018,Number,9,Mayo,0.677976316,1.154312318,6.132182603,0.478329037
463,Persons Killed,2018,Number,2,Roscommon,0.301381836,0.528792766,2.682163612,0.101418164
464,Persons Killed,2018,Number,1,Sligo,0.149336201,0.275973727,1.53531218,0.055637982
465,Persons Killed,2018,Number,3,Cavan,0.385351505,0.770211637,3.992015968,0.155523683
466,Persons Killed,2018,Number,10,Donegal,0.618934442,1.212209373,6.457862448,0.532580619
467,Persons Killed,2018,Number,2,Monaghan,0.319826015,0.611542872,3.090394025,0.101056036
468,Persons Killed,2019,Number,2,Carlow,0.336524709,0.573813998,3.174603175,0.110697022
469,Persons Killed,2019,Number,19,Dublin,0.135903483,0.316004024,2.111345705,1.269643275
470,Persons Killed,2019,Number,4,Kildare,0.170401295,0.360978794,2.010386999,0.222772967
471,Persons Killed,2019,Number,6,Kilkenny,0.591377713,1.091173618,6.046355391,0.332569655
472,Persons Killed,2019,Number,1,Laois,0.113408258,0.248501742,1.293661061,0.052058479
473,Persons Killed,2019,Number,1,Longford,0.228555756,0.479623975,2.448979592,0.051060353
474,Persons Killed,2019,Number,4,Louth,0.298525285,0.714772866,3.978120338,0.222671689
475,Persons Killed,2019,Number,7,Meath,0.337073241,0.714302721,3.816793893,0.374184812
476,Persons Killed,2019,Number,5,Offaly,0.622556466,1.214451979,6.530256857,0.268944929
477,Persons Killed,2019,Number,3,Westmeath,0.325009479,0.623510503,3.297911323,0.15863783
478,Persons Killed,2019,Number,7,Wexford,0.446930228,0.800987121,4.364543282,0.381623901
479,Persons Killed,2019,Number,3,Wicklow,0.201403108,0.391477108,2.315708221,0.177516544
480,Persons Killed,2019,Number,5,Clare,0.406114459,0.726663211,3.9819485,0.273960093
481,Persons Killed,2019,Number,14,Cork,0.280436921,0.464503114,2.732329311,0.823480972
482,Persons Killed,2019,Number,6,Kerry,0.396086664,0.682574443,3.918580603,0.344570149
483,Persons Killed,2019,Number,9,Limerick,0.449615579,0.846929957,4.742249934,0.504145194
484,Persons Killed,2019,Number,13,Tipperary,0.794587029,1.3487296,7.286995516,0.351009828
485,Persons Killed,2019,Number,3,Waterford,0.246649675,0.458813813,2.747252747,0.179689138
486,Persons Killed,2019,Number,7,Galway,0.261923114,0.525281025,2.843216897,0.378934832
487,Persons Killed,2019,Number,1,Leitrim,0.297929391,0.550196237,2.87218765,0.052192521
488,Persons Killed,2019,Number,3,Mayo,0.22409968,0.384770773,2.044060868,0.159443012
489,Persons Killed,2019,Number,3,Roscommon,0.445970655,0.793189149,4.023245418,0.152127246
490,Persons Killed,2019,Number,1,Sligo,0.147760687,0.275973727,1.53531218,0.055637982
491,Persons Killed,2019,Number,3,Cavan,0.381252542,0.770211637,3.992015968,0.155523683
492,Persons Killed,2019,Number,8,Donegal,0.491533338,0.969767498,5.166289958,0.426064496
493,Persons Killed,2019,Number,2,Monaghan,0.316912009,0.611542872,3.090394025,0.101056036
494,Persons Killed,2020,Number,3,Carlow,0.497809638,0.860720997,4.761904762,0.166045533
495,Persons Killed,2020,Number,20,Dublin,0.141282748,0.332635815,2.222469163,1.336466605
496,Persons Killed,2020,Number,4,Kildare,0.167490861,0.360978794,2.010386999,0.222772967
497,Persons Killed,2020,Number,5,Kilkenny,0.489236791,0.909311348,5.038629493,0.277141379
498,Persons Killed,2020,Number,0,Laois,0,0,0,0
499,Persons Killed,2020,Number,0,Longford,0,0,0,0
500,Persons Killed,2020,Number,9,Louth,0.663257034,1.608238949,8.950770761,0.501011301
501,Persons Killed,2020,Number,8,Meath,0.377575775,0.816345967,4.362050164,0.427639785
502,Persons Killed,2020,Number,4,Offaly,0.493224331,0.971561583,5.224205485,0.215155943
503,Persons Killed,2020,Number,4,Westmeath,0.427885284,0.831347337,4.397215097,0.211517106
504,Persons Killed,2020,Number,7,Wexford,0.440459336,0.800987121,4.364543282,0.381623901
505,Persons Killed,2020,Number,2,Wicklow,0.132335523,0.260984739,1.543805481,0.118344362
506,Persons Killed,2020,Number,3,Clare,0.240865188,0.435997927,2.3891691,0.164376056
507,Persons Killed,2020,Number,22,Cork,0.417808518,0.729933465,4.293660345,1.294041527
508,Persons Killed,2020,Number,9,Kerry,0.589232753,1.023861665,5.877870905,0.516855223
509,Persons Killed,2020,Number,5,Limerick,0.247611784,0.470516643,2.634583297,0.280080663
510,Persons Killed,2020,Number,7,Tipperary,0.424350441,0.726239016,3.923766816,0.189005292
511,Persons Killed,2020,Number,2,Waterford,0.162011535,0.305875876,1.831501832,0.119792759
512,Persons Killed,2020,Number,5,Galway,0.184965966,0.375200732,2.030869212,0.270667737
513,Persons Killed,2020,Number,1,Leitrim,0.293496126,0.550196237,2.87218765,0.052192521
514,Persons Killed,2020,Number,5,Mayo,0.370400551,0.641284621,3.406768113,0.265738354
515,Persons Killed,2020,Number,5,Roscommon,0.733374402,1.321981915,6.70540903,0.25354541
516,Persons Killed,2020,Number,2,Sligo,0.292436139,0.551947455,3.07062436,0.111275964
517,Persons Killed,2020,Number,2,Cavan,0.251490079,0.513474425,2.661343979,0.103682455
518,Persons Killed,2020,Number,10,Donegal,0.609964378,1.212209373,6.457862448,0.532580619
519,Persons Killed,2020,Number,3,Monaghan,0.471083335,0.917314308,4.635591038,0.151584053
520,Persons Injured,2001,Number,131,Carlow,29.29403609,37.58481688,207.9365079,7.250654957
521,Persons Injured,2001,Number,2707,Dublin,24.46550066,45.02225749,300.8112012,180.890755
522,Persons Injured,2001,Number,349,Kildare,22.03143741,31.49539978,175.4062657,19.43694133
523,Persons Injured,2001,Number,220,Kilkenny,27.97700799,40.00969932,221.6996977,12.19422068
524,Persons Injured,2001,Number,196,Laois,34.59108397,48.70634135,253.5575679,10.20346189
525,Persons Injured,2001,Number,122,Longford,40.24012138,58.51412493,298.7755102,6.229363107
526,Persons Injured,2001,Number,303,Louth,30.44338836,54.1440446,301.3426156,16.86738045
527,Persons Injured,2001,Number,416,Meath,32.83035545,42.44999031,226.8266085,22.23726881
528,Persons Injured,2001,Number,120,Offaly,19.36233381,29.14684749,156.7261646,6.454678297
529,Persons Injured,2001,Number,226,Westmeath,32.20153029,46.97112454,248.442653,11.95071651
530,Persons Injured,2001,Number,364,Wexford,32.28639093,41.65133031,226.9562506,19.84444283
531,Persons Injured,2001,Number,302,Wicklow,27.00044703,39.40869558,233.1146276,17.86999872
532,Persons Injured,2001,Number,166,Clare,16.36628939,24.1252186,132.2006902,9.095475092
533,Persons Injured,2001,Number,1114,Cork,25.32382212,36.96117639,217.4153466,65.52555732
534,Persons Injured,2001,Number,399,Kerry,30.55808717,45.39120048,260.5856101,22.91391489
535,Persons Injured,2001,Number,484,Limerick,27.91282433,45.54601104,255.0276631,27.1118082
536,Persons Injured,2001,Number,340,Tipperary,24.62144528,35.27446647,190.5829596,9.180257047
537,Persons Injured,2001,Number,323,Waterford,32.33006696,49.3989539,295.7875458,19.3465305
538,Persons Injured,2001,Number,477,Galway,23.48423307,35.79414987,193.7449228,25.82170214
539,Persons Injured,2001,Number,103,Leitrim,41.10299693,56.67021238,295.8353279,5.375829644
540,Persons Injured,2001,Number,289,Mayo,24.94109931,37.06625111,196.9111969,15.35967686
541,Persons Injured,2001,Number,135,Roscommon,25.67613831,35.69351171,181.0460438,6.84572607
542,Persons Injured,2001,Number,117,Sligo,20.34570306,32.28892609,179.6315251,6.509643917
543,Persons Injured,2001,Number,232,Cavan,42.55397201,59.56303326,308.7159015,12.0271648
544,Persons Injured,2001,Number,431,Donegal,31.92852751,52.24622397,278.3338715,22.9542247
545,Persons Injured,2001,Number,156,Monaghan,29.99365519,47.70034399,241.050734,7.882370775
546,Persons Injured,2002,Number,114,Carlow,24.86639764,32.7073979,180.952381,6.309730268
547,Persons Injured,2002,Number,2113,Dublin,18.82237663,35.1429738,234.8038671,141.1976968
548,Persons Injured,2002,Number,416,Kildare,25.36662703,37.54179458,209.0802479,23.16838852
549,Persons Injured,2002,Number,237,Kilkenny,29.46991457,43.1013579,238.831038,13.13650137
550,Persons Injured,2002,Number,133,Laois,22.64523599,33.05073163,172.0569211,6.92377771
551,Persons Injured,2002,Number,140,Longford,44.97702959,67.14735647,342.8571429,7.148449467
552,Persons Injured,2002,Number,337,Louth,33.10347537,60.21961396,335.1566385,18.76008981
553,Persons Injured,2002,Number,399,Meath,29.79034763,40.71525513,217.5572519,21.32853426
554,Persons Injured,2002,Number,121,Offaly,18.99469404,29.38973788,158.0322159,6.508467283
555,Persons Injured,2002,Number,199,Westmeath,27.62852819,41.35953001,218.7614511,10.52297605
556,Persons Injured,2002,Number,351,Wexford,30.11763898,40.1637828,218.8506703,19.13571273
557,Persons Injured,2002,Number,264,Wicklow,23.0127529,34.44998554,203.7823234,15.62145583
558,Persons Injured,2002,Number,189,Clare,18.29038158,27.46786938,150.5176533,10.35569152
559,Persons Injured,2002,Number,1054,Cork,23.51728431,34.97044875,205.7053638,61.99635316
560,Persons Injured,2002,Number,255,Kerry,19.25632816,29.00941384,166.5396756,14.64423132
561,Persons Injured,2002,Number,520,Limerick,29.62473437,48.93373087,273.9966629,29.12838898
562,Persons Injured,2002,Number,284,Tipperary,20.24507952,29.46455435,159.1928251,7.66821471
563,Persons Injured,2002,Number,254,Waterford,25.02019346,38.8462362,232.6007326,15.21368033
564,Persons Injured,2002,Number,466,Galway,22.31522895,34.96870826,189.2770106,25.22623312
565,Persons Injured,2002,Number,58,Leitrim,22.46755762,31.91138173,166.5868837,3.027166207
566,Persons Injured,2002,Number,264,Mayo,22.48186123,33.85982801,179.8773563,14.03098509
567,Persons Injured,2002,Number,177,Roscommon,32.8977938,46.7981598,237.3714797,8.975507513
568,Persons Injured,2002,Number,131,Sligo,22.51710268,36.15255828,201.1258956,7.288575668
569,Persons Injured,2002,Number,214,Cavan,37.93250142,54.94176344,284.7638057,11.09402271
570,Persons Injured,2002,Number,360,Donegal,26.2041155,43.63953742,232.4830481,19.1729023
571,Persons Injured,2002,Number,156,Monaghan,29.5611309,47.70034399,241.050734,7.882370775
572,Persons Injured,2003,Number,102,Carlow,21.7155266,29.26451391,161.9047619,5.645548135
573,Persons Injured,2003,Number,1828,Dublin,16.05277393,30.40291345,203.1336815,122.1530477
574,Persons Injured,2003,Number,287,Kildare,16.92416559,25.90022847,144.2452672,15.98396035
575,Persons Injured,2003,Number,146,Kilkenny,17.76047686,26.55189137,147.1279812,8.092528268
576,Persons Injured,2003,Number,132,Laois,21.70981218,32.80222989,170.76326,6.871719231
577,Persons Injured,2003,Number,102,Longford,31.93987788,48.92164543,249.7959184,5.20815604
578,Persons Injured,2003,Number,364,Louth,34.9747778,65.04433081,362.0089508,20.26312371
579,Persons Injured,2003,Number,345,Meath,24.44052451,35.20491985,188.1134133,18.44196572
580,Persons Injured,2003,Number,149,Offaly,22.77347273,36.19066896,194.6016543,8.014558885
581,Persons Injured,2003,Number,208,Westmeath,28.15719294,43.23006152,228.655185,10.99888954
582,Persons Injured,2003,Number,330,Wexford,27.42139201,37.76082143,205.7570404,17.99084103
583,Persons Injured,2003,Number,282,Wicklow,23.98224294,36.79884819,217.6765728,16.68655509
584,Persons Injured,2003,Number,168,Clare,15.96396705,24.41588389,133.7934696,9.20505913
585,Persons Injured,2003,Number,977,Cork,21.40389389,32.41568163,190.6775526,57.46720781
586,Persons Injured,2003,Number,220,Kerry,16.38416396,25.02772959,143.6812888,12.63423879
587,Persons Injured,2003,Number,361,Limerick,20.31971181,33.97130162,190.216914,20.22182389
588,Persons Injured,2003,Number,289,Tipperary,20.28497227,29.9832965,161.9955157,7.80321849
589,Persons Injured,2003,Number,220,Waterford,21.33271275,33.64634631,201.4652015,13.17720344
590,Persons Injured,2003,Number,401,Galway,18.69141453,30.09109874,162.8757108,21.70755253
591,Persons Injured,2003,Number,84,Leitrim,31.61460294,46.21648388,241.2637626,4.384171748
592,Persons Injured,2003,Number,208,Mayo,17.48148895,26.67744025,141.7215535,11.05471553
593,Persons Injured,2003,Number,154,Roscommon,27.98626129,40.71704299,206.5265981,7.809198627
594,Persons Injured,2003,Number,97,Sligo,16.48286292,26.76945155,148.9252815,5.396884273
595,Persons Injured,2003,Number,202,Cavan,34.64124022,51.86091689,268.7957418,10.47192798
596,Persons Injured,2003,Number,440,Donegal,31.47893773,53.3372124,284.1459477,23.43354725
597,Persons Injured,2003,Number,166,Monaghan,31.00891039,50.75805835,256.5027041,8.387650952
598,Persons Injured,2004,Number,73,Carlow,15.17766181,20.94421093,115.8730159,4.040441312
599,Persons Injured,2004,Number,1621,Dublin,14.0359931,26.96013277,180.1311257,108.3206183
600,Persons Injured,2004,Number,288,Kildare,16.44164074,25.99047317,144.747864,16.03965359
601,Persons Injured,2004,Number,186,Kilkenny,22.14575718,33.82638215,187.4370171,10.3096593
602,Persons Injured,2004,Number,143,Laois,22.744624,35.53574905,184.9935317,7.444362501
603,Persons Injured,2004,Number,104,Longford,31.7615441,49.88089338,254.6938776,5.310276747
604,Persons Injured,2004,Number,316,Louth,29.71376989,56.46705642,314.2715067,17.59106344
605,Persons Injured,2004,Number,296,Meath,19.94837684,30.20480079,161.3958561,15.82267204
606,Persons Injured,2004,Number,116,Offaly,17.27398627,28.1752859,151.5019591,6.239522354
607,Persons Injured,2004,Number,177,Westmeath,23.37713795,36.78711966,194.576768,9.35963196
608,Persons Injured,2004,Number,295,Wexford,23.76234434,33.75588583,183.934324,16.08272152
609,Persons Injured,2004,Number,238,Wicklow,19.75825198,31.05718393,183.7128522,14.08297912
610,Persons Injured,2004,Number,143,Clare,13.34689801,20.78256783,113.8837271,7.835258664
611,Persons Injured,2004,Number,880,Cork,18.93540016,29.19733862,171.7464138,51.76166108
612,Persons Injured,2004,Number,241,Kerry,17.70379566,27.41674014,157.3963209,13.84023431
613,Persons Injured,2004,Number,458,Limerick,25.47388093,43.09932449,241.32783,25.65538875
614,Persons Injured,2004,Number,346,Tipperary,23.91815291,35.89695706,193.9461883,9.342261583
615,Persons Injured,2004,Number,233,Waterford,22.24577283,35.6345395,213.3699634,13.95585637
616,Persons Injured,2004,Number,340,Galway,15.43714358,25.5136498,138.0991064,18.40540614
617,Persons Injured,2004,Number,45,Leitrim,16.46783283,24.75883065,129.2484442,2.348663437
618,Persons Injured,2004,Number,225,Mayo,18.6663127,28.85780796,153.3045651,11.95822593
619,Persons Injured,2004,Number,178,Roscommon,31.64388189,47.06255618,238.7125615,9.026216595
620,Persons Injured,2004,Number,124,Sligo,20.83333333,34.22074219,190.3787103,6.899109792
621,Persons Injured,2004,Number,243,Cavan,40.35941471,62.3871426,323.3532934,12.59741831
622,Persons Injured,2004,Number,397,Donegal,27.92451238,48.1247121,256.3771392,21.14345059
623,Persons Injured,2004,Number,161,Monaghan,29.6533687,49.22920117,248.776719,8.135010864
624,Persons Injured,2005,Number,127,Carlow,25.80094671,36.43718889,201.5873016,7.029260913
625,Persons Injured,2005,Number,1716,Dublin,14.65374132,28.54015288,190.6878542,114.6688347
626,Persons Injured,2005,Number,356,Kildare,19.69571231,32.12711267,178.924443,19.82679402
627,Persons Injured,2005,Number,240,Kilkenny,27.98083313,43.64694471,241.8542157,13.30278619
628,Persons Injured,2005,Number,187,Laois,28.7949247,46.46982568,241.9146184,9.734935578
629,Persons Injured,2005,Number,104,Longford,30.9966619,49.88089338,254.6938776,5.310276747
630,Persons Injured,2005,Number,367,Louth,33.78720505,65.58041046,364.992541,20.43012748
631,Persons Injured,2005,Number,420,Meath,26.99107367,42.85816329,229.0076336,22.4510887
632,Persons Injured,2005,Number,167,Offaly,24.24576788,40.56269608,218.110579,8.98276063
633,Persons Injured,2005,Number,194,Westmeath,25.01321575,40.32034584,213.2649322,10.25857966
634,Persons Injured,2005,Number,377,Wexford,29.46532549,43.13887782,235.061831,20.55317293
635,Persons Injured,2005,Number,318,Wicklow,25.78552605,41.49657349,245.4650714,18.81675362
636,Persons Injured,2005,Number,237,Clare,21.73414645,34.4438362,188.7443589,12.98570842
637,Persons Injured,2005,Number,1025,Cork,21.66945727,34.00826373,200.0455388,60.29057114
638,Persons Injured,2005,Number,344,Kerry,24.93078807,39.13426808,224.6652879,19.75535519
639,Persons Injured,2005,Number,487,Limerick,26.76956734,45.82832102,256.6084131,27.2798566
640,Persons Injured,2005,Number,342,Tipperary,23.28907048,35.48196334,191.7040359,9.234258559
641,Persons Injured,2005,Number,298,Waterford,28.02068641,45.57550546,272.8937729,17.84912102
642,Persons Injured,2005,Number,404,Galway,17.87934979,30.31621918,164.0942323,21.86995317
643,Persons Injured,2005,Number,78,Leitrim,27.77678858,42.91530646,224.0306367,4.071016623
644,Persons Injured,2005,Number,250,Mayo,20.47619438,32.06423107,170.3384056,13.2869177
645,Persons Injured,2005,Number,167,Roscommon,29.05611135,44.15419597,223.9606616,8.468416693
646,Persons Injured,2005,Number,205,Sligo,34.05824791,56.5746141,314.7389969,11.40578635
647,Persons Injured,2005,Number,291,Cavan,46.85537629,74.71052879,387.2255489,15.08579723
648,Persons Injured,2005,Number,448,Donegal,30.99016339,54.3069799,289.3122376,23.85961175
649,Persons Injured,2005,Number,169,Monaghan,30.69657615,51.67537266,261.1382951,8.539235006
650,Persons Injured,2006,Number,83,Carlow,16.48493515,23.81328092,131.7460317,4.593926423
651,Persons Injured,2006,Number,1713,Dublin,14.42920005,28.49025751,190.3544838,114.4683647
652,Persons Injured,2006,Number,266,Kildare,14.27536426,24.0050898,133.6907355,14.81440227
653,Persons Injured,2006,Number,199,Kilkenny,22.72779186,36.19059166,200.5374538,11.03022689
654,Persons Injured,2006,Number,181,Laois,27.01008775,44.97881523,234.152652,9.422584703
655,Persons Injured,2006,Number,90,Longford,26.19248567,43.16615773,220.4081633,4.5954318
656,Persons Injured,2006,Number,308,Louth,27.77427093,55.03751068,306.315266,17.14572006
657,Persons Injured,2006,Number,397,Meath,24.38110679,40.51116863,216.4667394,21.22162432
658,Persons Injured,2006,Number,180,Offaly,25.49430627,43.72027123,235.0892468,9.682017446
659,Persons Injured,2006,Number,168,Westmeath,21.15789076,34.91658815,184.6830341,8.883718471
660,Persons Injured,2006,Number,395,Wexford,29.98125223,45.19855899,246.2849423,21.53449153
661,Persons Injured,2006,Number,234,Wicklow,18.54287843,30.53521445,180.6252412,13.8462904
662,Persons Injured,2006,Number,236,Clare,21.27084272,34.29850356,187.9479692,12.9309164
663,Persons Injured,2006,Number,898,Cork,18.65799562,29.79455691,175.2594086,52.82042233
664,Persons Injured,2006,Number,348,Kerry,24.88647334,39.58931771,227.277675,19.98506863
665,Persons Injured,2006,Number,466,Limerick,25.31851892,43.85215112,245.5431633,26.10351781
666,Persons Injured,2006,Number,357,Tipperary,23.95330113,37.0381898,200.1121076,9.6392699
667,Persons Injured,2006,Number,234,Waterford,21.67449357,35.78747744,214.2857143,14.01575275
668,Persons Injured,2006,Number,421,Galway,18.1724004,31.59190167,170.9991877,22.79022348
669,Persons Injured,2006,Number,72,Leitrim,24.96792315,39.61412904,206.7975108,3.757861498
670,Persons Injured,2006,Number,232,Mayo,18.76293996,29.75560643,158.0740404,12.33025963
671,Persons Injured,2006,Number,163,Roscommon,27.76831346,43.09661044,218.5963344,8.265580365
672,Persons Injured,2006,Number,143,Sligo,23.49539129,39.464243,219.5496418,7.956231454
673,Persons Injured,2006,Number,187,Cavan,29.21738044,48.00985871,248.835662,9.694309561
674,Persons Injured,2006,Number,444,Donegal,30.21312502,53.82209615,286.7290927,23.6465795
675,Persons Injured,2006,Number,160,Monaghan,28.66561559,48.92342974,247.231522,8.084482846
676,Persons Injured,2007,Number,76,Carlow,14.84346009,21.80493193,120.6349206,4.206486846
677,Persons Injured,2007,Number,1217,Dublin,10.10914051,20.24088931,135.2372486,81.32399292
678,Persons Injured,2007,Number,279,Kildare,14.59739444,25.17827088,140.2244932,15.53841441
679,Persons Injured,2007,Number,227,Kilkenny,25.46841692,41.28273521,228.753779,12.58221861
680,Persons Injured,2007,Number,170,Laois,24.38289755,42.24529607,219.9223803,8.849941434
681,Persons Injured,2007,Number,105,Longford,29.75515756,50.36051735,257.1428571,5.3613371
682,Persons Injured,2007,Number,368,Louth,32.48186135,65.75910367,365.9870711,20.4857954
683,Persons Injured,2007,Number,388,Meath,23.22087964,39.59277942,211.5594329,20.74052956
684,Persons Injured,2007,Number,188,Offaly,26.17655249,45.66339439,245.5376578,10.11232933
685,Persons Injured,2007,Number,240,Westmeath,29.71952201,49.88084022,263.8329058,12.69102639
686,Persons Injured,2007,Number,311,Wexford,23.12903922,35.58671353,193.9104229,16.95500472
687,Persons Injured,2007,Number,188,Wicklow,14.65509849,24.53256546,145.1177152,11.12437006
688,Persons Injured,2007,Number,209,Clare,18.627617,30.37452222,166.4454473,11.45153189
689,Persons Injured,2007,Number,840,Cork,18.06467152,27.87018686,163.9397586,49.4088583
690,Persons Injured,2007,Number,394,Kerry,27.94960558,44.82238844,257.3201263,22.6267731
691,Persons Injured,2007,Number,470,Limerick,25.32259368,44.22856444,247.6508299,26.32758234
692,Persons Injured,2007,Number,357,Tipperary,23.64520274,37.0381898,200.1121076,9.6392699
693,Persons Injured,2007,Number,240,Waterford,21.99272407,36.70510507,219.7802198,14.37513102
694,Persons Injured,2007,Number,264,Galway,11.21285741,19.81059867,107.2298944,14.29125653
695,Persons Injured,2007,Number,63,Leitrim,21.40818268,34.66236291,180.9478219,3.288128811
696,Persons Injured,2007,Number,217,Mayo,17.35361387,27.83175257,147.8537361,11.53304456
697,Persons Injured,2007,Number,140,Roscommon,23.42194636,37.01549363,187.7514528,7.09927148
698,Persons Injured,2007,Number,115,Sligo,18.61775324,31.73697864,176.5609007,6.398367953
699,Persons Injured,2007,Number,182,Cavan,27.64319021,46.72617265,242.1823021,9.435103423
700,Persons Injured,2007,Number,409,Donegal,27.30452895,49.57936335,264.1265741,21.78254733
701,Persons Injured,2007,Number,149,Monaghan,26.25596927,45.55994394,230.2343549,7.52867465
702,Persons Injured,2008,Number,106,Carlow,20.36346871,30.4121419,168.2539683,5.866942179
703,Persons Injured,2008,Number,1992,Dublin,16.32056473,33.13052713,221.3579287,133.1120739
704,Persons Injured,2008,Number,388,Kildare,19.80349624,35.01494302,195.007539,21.60897775
705,Persons Injured,2008,Number,222,Kilkenny,24.47575577,40.37342386,223.7151495,12.30507723
706,Persons Injured,2008,Number,198,Laois,27.33673892,49.20334483,256.14489,10.30757885
707,Persons Injured,2008,Number,117,Longford,32.30616302,56.11600505,286.5306122,5.974061341
708,Persons Injured,2008,Number,405,Louth,35.00583431,72.37075269,402.7846842,22.54550853
709,Persons Injured,2008,Number,442,Meath,25.79485504,45.1031147,241.0032715,23.62709811
710,Persons Injured,2008,Number,174,Offaly,23.82354149,42.26292885,227.2529386,9.359283531
711,Persons Injured,2008,Number,176,Westmeath,21.43544399,36.57928282,193.4774643,9.306752684
712,Persons Injured,2008,Number,329,Wexford,23.98361241,37.6463947,205.1335342,17.93632333
713,Persons Injured,2008,Number,291,Wicklow,22.32074372,37.97327951,224.6236974,17.21910472
714,Persons Injured,2008,Number,288,Clare,25.38607997,41.85580095,229.3602336,15.78010137
715,Persons Injured,2008,Number,976,Cork,21.75187264,32.38250283,190.4823862,57.40838774
716,Persons Injured,2008,Number,387,Kerry,27.23415036,44.02605159,252.7484489,22.22477459
717,Persons Injured,2008,Number,539,Limerick,28.79950416,50.72169411,284.0080794,30.1926955
718,Persons Injured,2008,Number,348,Tipperary,22.75625307,36.10445392,195.0672646,9.396263095
719,Persons Injured,2008,Number,225,Waterford,20.40002176,34.411036,206.043956,13.47668533
720,Persons Injured,2008,Number,567,Galway,23.70222977,42.54776305,230.3005686,30.69372141
721,Persons Injured,2008,Number,61,Leitrim,20.31978681,33.56197044,175.2034466,3.18374377
722,Persons Injured,2008,Number,328,Mayo,25.94033722,42.06827116,223.4839882,17.43243602
723,Persons Injured,2008,Number,219,Roscommon,35.99250567,57.90280789,293.6969155,11.10528896
724,Persons Injured,2008,Number,172,Sligo,27.44315915,47.4674811,264.073695,9.569732938
725,Persons Injured,2008,Number,171,Cavan,25.26782416,43.90206331,227.5449102,8.86484992
726,Persons Injured,2008,Number,503,Donegal,32.95594517,60.97413145,324.8304811,26.78880516
727,Persons Injured,2008,Number,134,Monaghan,23.23081724,40.9733724,207.0563997,6.770754383
728,Persons Injured,2009,Number,128,Carlow,24.19385325,36.72409588,203.1746032,7.084609424
729,Persons Injured,2009,Number,2028,Dublin,16.39142861,33.72927159,225.3583732,135.5177138
730,Persons Injured,2009,Number,363,Kildare,18.08480428,32.75882556,182.4426202,20.21664671
731,Persons Injured,2009,Number,208,Kilkenny,22.541561,37.82735209,209.6069869,11.52908137
732,Persons Injured,2009,Number,185,Laois,24.62070801,45.97282219,239.3272962,9.63081862
733,Persons Injured,2009,Number,85,Longford,22.88391126,40.76803786,208.1632653,4.340130034
734,Persons Injured,2009,Number,467,Louth,39.54443457,83.44973211,464.4455495,25.99691971
735,Persons Injured,2009,Number,429,Meath,24.42871541,43.7765525,233.91494,22.93218346
736,Persons Injured,2009,Number,190,Offaly,25.58819172,46.14917518,248.1497606,10.2199073
737,Persons Injured,2009,Number,191,Westmeath,22.88548868,39.69683534,209.9670209,10.09994183
738,Persons Injured,2009,Number,294,Wexford,21.01636274,33.64145909,183.3108178,16.02820382
739,Persons Injured,2009,Number,343,Wicklow,25.8944142,44.75888272,264.7626399,20.29605815
740,Persons Injured,2009,Number,267,Clare,23.27872569,38.80381547,212.6360499,14.62946897
741,Persons Injured,2009,Number,933,Cork,21.57729319,30.95581469,182.0902319,54.87912476
742,Persons Injured,2009,Number,345,Kerry,24.08629176,39.24803049,225.3183847,19.81278355
743,Persons Injured,2009,Number,487,Limerick,25.80720376,45.82832102,256.6084131,27.2798566
744,Persons Injured,2009,Number,336,Tipperary,21.69589586,34.85947275,188.3408072,9.072254023
745,Persons Injured,2009,Number,243,Waterford,21.80134756,37.16391888,222.5274725,14.55482016
746,Persons Injured,2009,Number,640,Galway,26.33831566,48.02569375,259.9512591,34.64547038
747,Persons Injured,2009,Number,84,Leitrim,27.44021952,46.21648388,241.2637626,4.384171748
748,Persons Injured,2009,Number,275,Mayo,21.51092755,35.27065417,187.3722462,14.61560947
749,Persons Injured,2009,Number,206,Roscommon,33.26927114,54.46565491,276.262852,10.44607089
750,Persons Injured,2009,Number,189,Sligo,29.7258615,52.15903446,290.174002,10.51557864
751,Persons Injured,2009,Number,221,Cavan,31.79352908,56.73892393,294.0785096,11.4569113
752,Persons Injured,2009,Number,490,Donegal,31.51855092,59.39825927,316.4352599,26.09645035
753,Persons Injured,2009,Number,115,Monaghan,19.6192166,35.16371512,177.6976565,5.810722045
754,Persons Injured,2010,Number,120,Carlow,22.32184378,34.42883989,190.4761905,6.641821335
755,Persons Injured,2010,Number,1761,Dublin,14.04399175,29.28858347,195.6884098,117.6758846
756,Persons Injured,2010,Number,357,Kildare,17.37091029,32.21735736,179.4270397,19.88248726
757,Persons Injured,2010,Number,144,Kilkenny,15.34428745,26.18816683,145.1125294,7.981671717
758,Persons Injured,2010,Number,135,Laois,17.34126321,33.54773511,174.6442432,7.027894668
759,Persons Injured,2010,Number,106,Longford,27.84198361,50.84014133,259.5918367,5.412397454
760,Persons Injured,2010,Number,306,Louth,25.39503386,54.68012425,304.3262059,17.03438422
761,Persons Injured,2010,Number,363,Meath,20.18079322,37.04169827,197.9280262,19.40415523
762,Persons Injured,2010,Number,151,Offaly,20.00795018,36.67644975,197.2137571,8.122136857
763,Persons Injured,2010,Number,162,Westmeath,19.10129582,33.66956715,178.0872114,8.566442811
764,Persons Injured,2010,Number,257,Wexford,18.02180849,29.40767002,160.2410891,14.01104892
765,Persons Injured,2010,Number,263,Wicklow,19.54663694,34.31949317,203.0104207,15.56228365
766,Persons Injured,2010,Number,225,Clare,19.40558536,32.69984449,179.1876825,12.32820419
767,Persons Injured,2010,Number,867,Cork,20.83633742,28.7660143,169.2092509,50.99700018
768,Persons Injured,2010,Number,254,Kerry,17.59392663,28.89565143,165.8865789,14.58680296
769,Persons Injured,2010,Number,393,Limerick,20.65616163,36.98260814,207.0782471,22.01434013
770,Persons Injured,2010,Number,312,Tipperary,19.89656338,32.36951041,174.8878924,8.424235879
771,Persons Injured,2010,Number,211,Waterford,18.73424015,32.26990487,193.2234432,12.63813602
772,Persons Injured,2010,Number,573,Galway,23.22037882,42.99800393,232.7376117,31.0185227
773,Persons Injured,2010,Number,75,Leitrim,24.03538008,41.26471775,215.4140737,3.914439061
774,Persons Injured,2010,Number,280,Mayo,21.66511916,35.9119388,190.7790143,14.88134782
775,Persons Injured,2010,Number,166,Roscommon,26.35255271,43.88979959,222.6195798,8.417707611
776,Persons Injured,2010,Number,142,Sligo,22.019942,39.18826928,218.0143296,7.900593472
777,Persons Injured,2010,Number,197,Cavan,27.61153237,50.57723083,262.1423819,10.21272184
778,Persons Injured,2010,Number,361,Donegal,22.80480101,43.76075836,233.1288344,19.22616036
779,Persons Injured,2010,Number,89,Monaghan,14.94567499,27.21365779,137.5225341,4.496993583
780,Persons Injured,2011,Number,99,Carlow,18.12788398,28.40379291,157.1428571,5.479502601
781,Persons Injured,2011,Number,1607,Dublin,12.64753822,26.7272877,178.5753973,107.3850917
782,Persons Injured,2011,Number,268,Kildare,12.74297235,24.1855792,134.695929,14.92578876
783,Persons Injured,2011,Number,133,Kilkenny,13.93852377,24.18768186,134.0275445,7.371960683
784,Persons Injured,2011,Number,119,Laois,14.77178217,29.57170725,153.9456662,6.194959004
785,Persons Injured,2011,Number,67,Longford,17.17948718,32.13480631,164.0816327,3.421043674
786,Persons Injured,2011,Number,249,Louth,20.26086886,44.49461091,247.637991,13.86131265
787,Persons Injured,2011,Number,279,Meath,15.15192658,28.47006561,152.1264995,14.91393749
788,Persons Injured,2011,Number,107,Offaly,13.95282121,25.98927234,139.7474967,5.755421482
789,Persons Injured,2011,Number,127,Westmeath,14.73933429,26.39527795,139.6115793,6.71566813
790,Persons Injured,2011,Number,232,Wexford,15.96476741,26.54700173,144.6534345,12.64810642
791,Persons Injured,2011,Number,255,Wicklow,18.66217799,33.27555421,196.8351988,15.0889062
792,Persons Injured,2011,Number,172,Clare,14.67626881,24.99721446,136.9790284,9.424227204
793,Persons Injured,2011,Number,773,Cork,19.33457061,25.64720767,150.8636112,45.46791365
794,Persons Injured,2011,Number,249,Kerry,17.11316683,28.3268394,162.621095,14.29966117
795,Persons Injured,2011,Number,429,Limerick,22.36599951,40.37032797,226.0472469,24.03092091
796,Persons Injured,2011,Number,243,Tipperary,15.30670093,25.21086869,136.2107623,6.561183713
797,Persons Injured,2011,Number,189,Waterford,16.6088141,28.90527024,173.0769231,11.32041568
798,Persons Injured,2011,Number,437,Galway,17.44225496,32.79254401,177.4979691,23.65636024
799,Persons Injured,2011,Number,87,Leitrim,27.36193232,47.86707259,249.8803255,4.540749311
800,Persons Injured,2011,Number,207,Mayo,15.845313,26.54918332,141.0401999,11.00156786
801,Persons Injured,2011,Number,158,Roscommon,24.6624522,41.77462852,211.8909253,8.012034955
802,Persons Injured,2011,Number,131,Sligo,20.03272522,36.15255828,201.1258956,7.288575668
803,Persons Injured,2011,Number,174,Cavan,23.77601356,44.67227495,231.5369261,9.020373602
804,Persons Injured,2011,Number,314,Donegal,19.48652389,38.06337431,202.7768809,16.72303145
805,Persons Injured,2011,Number,130,Monaghan,21.49364284,39.75028666,200.8756116,6.568642312
806,Persons Injured,2012,Number,67,Carlow,12.16500835,19.22276894,106.3492063,3.708350245
807,Persons Injured,2012,Number,1974,Dublin,15.35515207,32.83115489,219.3577064,131.9092539
808,Persons Injured,2012,Number,260,Kildare,12.22091657,23.46362161,130.675155,14.48024282
809,Persons Injured,2012,Number,176,Kilkenny,18.29883241,32.00775946,177.3597581,9.755376543
810,Persons Injured,2012,Number,118,Laois,14.49880815,29.32320551,152.6520052,6.142900525
811,Persons Injured,2012,Number,100,Longford,25.39747041,47.96239748,244.8979592,5.106035334
812,Persons Injured,2012,Number,343,Louth,27.64033716,61.29177326,341.123819,19.09409734
813,Persons Injured,2012,Number,296,Meath,15.8869877,30.20480079,161.3958561,15.82267204
814,Persons Injured,2012,Number,128,Offaly,16.63612378,31.08997065,167.1745755,6.884990184
815,Persons Injured,2012,Number,138,Westmeath,15.91970929,28.68148312,151.7039209,7.297340172
816,Persons Injured,2012,Number,283,Wexford,19.35704514,32.38276505,176.4522498,15.42850912
817,Persons Injured,2012,Number,264,Wicklow,19.15861739,34.44998554,203.7823234,15.62145583
818,Persons Injured,2012,Number,194,Clare,16.50782845,28.19453259,154.4996018,10.62965161
819,Persons Injured,2012,Number,742,Cork,18.39899029,24.61866506,144.8134535,43.6444915
820,Persons Injured,2012,Number,239,Kerry,16.37625648,27.18921532,156.0901274,13.72537759
821,Persons Injured,2012,Number,385,Limerick,20.00758729,36.22978151,202.8629138,21.56621107
822,Persons Injured,2012,Number,237,Tipperary,14.91382077,24.5883781,132.8475336,6.399179177
823,Persons Injured,2012,Number,201,Waterford,17.58976468,30.74052549,184.0659341,12.03917223
824,Persons Injured,2012,Number,505,Galway,20.03618416,37.89527397,205.1177904,27.33744147
825,Persons Injured,2012,Number,71,Leitrim,22.2954938,39.0639328,203.9253231,3.705668978
826,Persons Injured,2012,Number,269,Mayo,20.5955088,34.50111263,183.2841245,14.29672345
827,Persons Injured,2012,Number,146,Roscommon,22.75561097,38.60187193,195.7979437,7.403525972
828,Persons Injured,2012,Number,133,Sligo,20.3298635,36.70450573,204.19652,7.399851632
829,Persons Injured,2012,Number,161,Cavan,21.82133612,41.33469119,214.2381903,8.346437644
830,Persons Injured,2012,Number,390,Donegal,24.26157713,47.27616554,251.8566355,20.77064416
831,Persons Injured,2012,Number,122,Monaghan,20.11110562,37.30411517,188.5140355,6.16441817
832,Persons Injured,2013,Number,89,Carlow,16.02448686,25.53472292,141.2698413,4.92601749
833,Persons Injured,2013,Number,1410,Dublin,10.84180045,23.45082492,156.684076,94.22089566
834,Persons Injured,2013,Number,337,Kildare,15.66072458,30.41246339,169.3751047,18.76862243
835,Persons Injured,2013,Number,119,Kilkenny,12.27512791,21.64161009,119.9193819,6.595964822
836,Persons Injured,2013,Number,95,Laois,11.55520958,23.60766545,122.8978008,4.945555507
837,Persons Injured,2013,Number,86,Longford,21.63576442,41.24766183,210.6122449,4.391190387
838,Persons Injured,2013,Number,294,Louth,23.46537261,52.53580565,292.3918449,16.36636915
839,Persons Injured,2013,Number,227,Meath,12.04256809,23.16381683,123.7731734,12.13427889
840,Persons Injured,2013,Number,135,Offaly,17.48795274,32.79020342,176.3169351,7.261513084
841,Persons Injured,2013,Number,105,Westmeath,12.04045593,21.82286759,115.4268963,5.552324044
842,Persons Injured,2013,Number,201,Wexford,13.66603209,22.99977305,125.3247428,10.95805772
843,Persons Injured,2013,Number,183,Wicklow,13.16982599,23.88010361,141.2582015,10.82850916
844,Persons Injured,2013,Number,182,Clare,15.4441465,26.45054088,144.9429254,9.972147391
845,Persons Injured,2013,Number,707,Cork,17.38104311,23.45740728,137.9826302,41.58578907
846,Persons Injured,2013,Number,250,Kerry,17.07836922,28.4406018,163.2741918,14.35708953
847,Persons Injured,2013,Number,401,Limerick,20.77235878,37.73543477,211.2935804,22.46246919
848,Persons Injured,2013,Number,248,Tipperary,15.59032645,25.72961084,139.0134529,6.696187493
849,Persons Injured,2013,Number,195,Waterford,16.99390834,29.82289787,178.5714286,11.67979396
850,Persons Injured,2013,Number,467,Galway,18.41867583,35.04374841,189.6831844,25.28036666
851,Persons Injured,2013,Number,40,Leitrim,12.54115065,22.00784947,114.887506,2.087700832
852,Persons Injured,2013,Number,216,Mayo,16.54095034,27.70349564,147.1723825,11.47989689
853,Persons Injured,2013,Number,119,Roscommon,18.51967131,31.46316958,159.5887349,6.034380758
854,Persons Injured,2013,Number,149,Sligo,22.76581766,41.12008537,228.7615148,8.290059347
855,Persons Injured,2013,Number,163,Cavan,21.91449314,41.84816561,216.8995343,8.450120099
856,Persons Injured,2013,Number,355,Donegal,22.13782825,43.03343273,229.2541169,18.90661199
857,Persons Injured,2013,Number,107,Monaghan,17.58595753,32.71754364,165.3360804,5.406497903
858,Persons Injured,2014,Number,103,Carlow,18.39154346,29.55142091,163.4920635,5.700896646
859,Persons Injured,2014,Number,2125,Dublin,16.15377481,35.34255529,236.1373486,141.9995768
860,Persons Injured,2014,Number,335,Kildare,15.39331057,30.231974,168.3699112,18.65723594
861,Persons Injured,2014,Number,137,Kilkenny,14.02165681,24.91513094,138.0584481,7.593673786
862,Persons Injured,2014,Number,150,Laois,18.06336629,37.27526124,194.0491591,7.808771854
863,Persons Injured,2014,Number,102,Longford,25.42182788,48.92164543,249.7959184,5.20815604
864,Persons Injured,2014,Number,318,Louth,25.14052605,56.82444285,316.2605669,17.70239929
865,Persons Injured,2014,Number,330,Meath,17.30648206,33.67427116,179.9345692,17.64014112
866,Persons Injured,2014,Number,107,Offaly,13.81518638,25.98927234,139.7474967,5.755421482
867,Persons Injured,2014,Number,161,Westmeath,18.35238866,33.46173031,176.9879077,8.513563534
868,Persons Injured,2014,Number,225,Wexford,15.20670988,25.74601461,140.2888912,12.26648252
869,Persons Injured,2014,Number,202,Wicklow,14.4171407,26.35945863,155.9243535,11.9527806
870,Persons Injured,2014,Number,173,Clare,14.64017331,25.1425471,137.7754181,9.479019223
871,Persons Injured,2014,Number,816,Cork,19.89045624,27.07389581,159.2557655,47.99717664
872,Persons Injured,2014,Number,347,Kerry,23.63357739,39.4755553,226.6245782,19.92764027
873,Persons Injured,2014,Number,400,Limerick,20.6544358,37.64133144,210.7666637,22.40645306
874,Persons Injured,2014,Number,266,Tipperary,16.70507998,27.59708259,149.103139,7.182201102
875,Persons Injured,2014,Number,165,Waterford,14.32005763,25.23475973,151.0989011,9.882902579
876,Persons Injured,2014,Number,515,Galway,20.19204002,38.64567544,209.1795288,27.87877694
877,Persons Injured,2014,Number,56,Leitrim,17.53067869,30.81098925,160.8425084,2.922781165
878,Persons Injured,2014,Number,216,Mayo,16.54424436,27.70349564,147.1723825,11.47989689
879,Persons Injured,2014,Number,141,Roscommon,21.91074092,37.27989001,189.0925346,7.149980562
880,Persons Injured,2014,Number,100,Sligo,15.2723052,27.59737273,153.531218,5.56379822
881,Persons Injured,2014,Number,166,Cavan,22.13982768,42.61837725,220.8915502,8.605643782
882,Persons Injured,2014,Number,310,Donegal,19.37863349,37.57849056,200.1937359,16.5099992
883,Persons Injured,2014,Number,113,Monaghan,18.51730467,34.55217225,174.6072624,5.70966601
884,Persons Injured,2015,Number,95,Carlow,16.82368775,27.25616491,150.7936508,5.258108557
885,Persons Injured,2015,Number,2143,Dublin,16.10742896,35.64192752,238.1375708,143.2023967
886,Persons Injured,2015,Number,343,Kildare,15.58630405,30.95393159,172.3906852,19.10278188
887,Persons Injured,2015,Number,166,Kilkenny,16.85809747,30.18913676,167.2824992,9.201093785
888,Persons Injured,2015,Number,96,Laois,11.4464224,23.85616719,124.1914618,4.997613986
889,Persons Injured,2015,Number,136,Longford,33.58190528,65.22886057,333.0612245,6.944208054
890,Persons Injured,2015,Number,245,Louth,19.18769481,43.77983804,243.6598707,13.63864096
891,Persons Injured,2015,Number,303,Meath,15.71071543,30.91910352,165.2126499,16.19685685
892,Persons Injured,2015,Number,94,Offaly,12.09687798,22.8316972,122.7688289,5.056164666
893,Persons Injured,2015,Number,160,Westmeath,18.13072251,33.25389348,175.8886039,8.460684258
894,Persons Injured,2015,Number,234,Wexford,15.72147459,26.7758552,145.9004468,12.75714182
895,Persons Injured,2015,Number,191,Wicklow,13.52040094,24.92404257,147.4334234,11.30188661
896,Persons Injured,2015,Number,158,Clare,13.33423353,22.96255747,125.8295726,8.657138943
897,Persons Injured,2015,Number,717,Cork,17.33018473,23.78919522,139.934294,42.17398977
898,Persons Injured,2015,Number,279,Kerry,18.94530985,31.73971161,182.213998,16.02251192
899,Persons Injured,2015,Number,355,Limerick,18.2725022,33.40668165,187.0554141,19.88572709
900,Persons Injured,2015,Number,237,Tipperary,14.86890892,24.5883781,132.8475336,6.399179177
901,Persons Injured,2015,Number,228,Waterford,19.70630688,34.86984981,208.7912088,13.65637447
902,Persons Injured,2015,Number,479,Galway,18.6705333,35.94423016,194.5572705,25.92996923
903,Persons Injured,2015,Number,86,Leitrim,26.88004001,47.31687635,247.0081379,4.48855679
904,Persons Injured,2015,Number,227,Mayo,17.39023848,29.11432181,154.6672723,12.06452127
905,Persons Injured,2015,Number,114,Roscommon,17.68867925,30.14118767,152.8833259,5.780835348
906,Persons Injured,2015,Number,124,Sligo,18.9295637,34.22074219,190.3787103,6.899109792
907,Persons Injured,2015,Number,168,Cavan,22.22898501,43.13185167,223.5528942,8.709326237
908,Persons Injured,2015,Number,318,Donegal,19.92718431,38.54825806,205.3600258,16.9360637
909,Persons Injured,2015,Number,144,Monaghan,23.52748958,44.03108676,222.5083698,7.276034561
910,Persons Injured,2016,Number,86,Carlow,15.10574018,24.67400192,136.5079365,4.759971957
911,Persons Injured,2016,Number,2245,Dublin,16.68646248,37.33837018,249.4721636,150.0183764
912,Persons Injured,2016,Number,387,Kildare,17.39294574,34.92469832,194.5049422,21.55328451
913,Persons Injured,2016,Number,169,Kilkenny,17.03079652,30.73472357,170.3056769,9.367378612
914,Persons Injured,2016,Number,106,Laois,12.51520125,26.34118461,137.1280724,5.518198777
915,Persons Injured,2016,Number,114,Longford,27.89127297,54.67713313,279.1836735,5.82088028
916,Persons Injured,2016,Number,231,Louth,17.92309363,41.27813301,229.7364495,12.85929005
917,Persons Injured,2016,Number,283,Meath,14.50954656,28.8782386,154.3075245,15.12775739
918,Persons Injured,2016,Number,116,Offaly,14.87923449,28.1752859,151.5019591,6.239522354
919,Persons Injured,2016,Number,167,Westmeath,18.81266194,34.70875132,183.5837303,8.830839194
920,Persons Injured,2016,Number,217,Wexford,14.49352801,24.83060076,135.3008417,11.83034092
921,Persons Injured,2016,Number,179,Wicklow,12.56801826,23.35813413,138.1705905,10.59182043
922,Persons Injured,2016,Number,161,Clare,13.55024954,23.39855539,128.2187417,8.821514999
923,Persons Injured,2016,Number,693,Cork,16.6103003,22.99290416,135.2503009,40.7623081
924,Persons Injured,2016,Number,272,Kerry,18.41483477,30.94337476,177.6423207,15.62051341
925,Persons Injured,2016,Number,350,Limerick,17.95801928,32.93616501,184.4208308,19.60564643
926,Persons Injured,2016,Number,234,Tipperary,14.66597306,24.27713281,131.1659193,6.318176909
927,Persons Injured,2016,Number,194,Waterford,16.69880182,29.66995993,177.6556777,11.61989758
928,Persons Injured,2016,Number,424,Galway,16.43041487,31.81702211,172.2177092,22.95262412
929,Persons Injured,2016,Number,88,Leitrim,27.46223942,48.41726883,252.7525132,4.592941831
930,Persons Injured,2016,Number,209,Mayo,16.01446666,26.80569717,142.4029071,11.1078632
931,Persons Injured,2016,Number,142,Roscommon,22.00049579,37.54428639,190.4336165,7.200689644
932,Persons Injured,2016,Number,99,Sligo,15.10643168,27.321399,151.9959058,5.508160237
933,Persons Injured,2016,Number,179,Cavan,23.49821466,45.95596101,238.1902861,9.27957974
934,Persons Injured,2016,Number,314,Donegal,19.72460928,38.06337431,202.7768809,16.72303145
935,Persons Injured,2016,Number,114,Monaghan,18.57100968,34.85794369,176.1524594,5.760194028
936,Persons Injured,2017,Number,76,Carlow,13.15675582,21.80493193,120.6349206,4.206486846
937,Persons Injured,2017,Number,2265,Dublin,16.61835238,37.67100599,251.6946327,151.354843
938,Persons Injured,2017,Number,338,Kildare,14.91733677,30.50270809,169.8777015,18.82431567
939,Persons Injured,2017,Number,136,Kilkenny,13.60353692,24.73326867,137.0507222,7.53824551
940,Persons Injured,2017,Number,172,Laois,20.0333112,42.74229955,222.5097025,8.954058392
941,Persons Injured,2017,Number,82,Longford,19.60174981,39.32916593,200.8163265,4.186948974
942,Persons Injured,2017,Number,304,Louth,23.27967776,54.32273782,302.3371457,16.92304838
943,Persons Injured,2017,Number,262,Meath,13.14917793,26.73533043,142.8571429,14.00520295
944,Persons Injured,2017,Number,148,Offaly,18.79484412,35.94777856,193.295603,7.9607699
945,Persons Injured,2017,Number,145,Westmeath,16.12042513,30.13634096,159.3990473,7.667495109
946,Persons Injured,2017,Number,231,Wexford,15.19516912,26.432575,144.0299283,12.59358872
947,Persons Injured,2017,Number,210,Wicklow,14.52272114,27.40339759,162.0995755,12.42615805
948,Persons Injured,2017,Number,190,Clare,15.8004158,27.61320202,151.314043,10.41048354
949,Persons Injured,2017,Number,772,Cork,17.3659928,25.61402888,150.6684448,45.40909358
950,Persons Injured,2017,Number,276,Kerry,18.52784211,31.39842439,180.2547077,15.85022684
951,Persons Injured,2017,Number,346,Limerick,17.5941746,32.55975169,182.3131641,19.3815819
952,Persons Injured,2017,Number,232,Tipperary,14.41853528,24.06963595,130.044843,6.264175397
953,Persons Injured,2017,Number,162,Waterford,13.72951167,24.77594592,148.3516484,9.703213441
954,Persons Injured,2017,Number,360,Galway,13.78660631,27.01445273,146.2225833,19.48807709
955,Persons Injured,2017,Number,50,Leitrim,15.3605112,27.50981183,143.6093825,2.609626041
956,Persons Injured,2017,Number,193,Mayo,14.6626452,24.75358638,131.5012491,10.25750047
957,Persons Injured,2017,Number,136,Roscommon,20.77858583,35.9579081,182.3871256,6.896435152
958,Persons Injured,2017,Number,121,Sligo,18.26442663,33.392821,185.7727738,6.732195846
959,Persons Injured,2017,Number,153,Cavan,19.86677574,39.28079349,203.5928144,7.931707823
960,Persons Injured,2017,Number,330,Donegal,20.57613169,40.0029093,213.1094608,17.57516044
961,Persons Injured,2017,Number,92,Monaghan,14.84828922,28.1309721,142.1581252,4.648577636
962,Persons Injured,2018,Number,56,Carlow,9.556640158,16.06679195,88.88888889,3.099516623
963,Persons Injured,2018,Number,2345,Dublin,16.98658675,39.00154925,260.5845094,156.7007094
964,Persons Injured,2018,Number,396,Kildare,17.16805182,35.73690061,199.028313,22.05452368
965,Persons Injured,2018,Number,122,Kilkenny,12.11326899,22.1871969,122.9425596,6.762249649
966,Persons Injured,2018,Number,159,Laois,18.27229162,39.51177691,205.6921087,8.277298165
967,Persons Injured,2018,Number,80,Longford,18.69464632,38.36991798,195.9183673,4.084828267
968,Persons Injured,2018,Number,247,Louth,18.67124251,44.13722448,245.6489309,13.74997681
969,Persons Injured,2018,Number,250,Meath,12.28736711,25.51081148,136.3140676,13.36374327
970,Persons Injured,2018,Number,145,Offaly,18.23211367,35.21910738,189.3774488,7.799402942
971,Persons Injured,2018,Number,130,Westmeath,14.26596142,27.01878845,142.9094907,6.874305959
972,Persons Injured,2018,Number,235,Wexford,15.22780143,26.89028193,146.523953,12.81165952
973,Persons Injured,2018,Number,159,Wicklow,10.8326861,20.74828674,122.7325357,9.408376808
974,Persons Injured,2018,Number,133,Clare,10.92994971,19.32924141,105.9198301,7.287338478
975,Persons Injured,2018,Number,861,Cork,18.24600961,28.56694153,168.0382526,50.64407976
976,Persons Injured,2018,Number,324,Kerry,21.5677921,36.85901994,211.6033526,18.60678803
977,Persons Injured,2018,Number,408,Limerick,20.56306511,38.39415807,214.981997,22.85458212
978,Persons Injured,2018,Number,251,Tipperary,15.46947706,26.04085613,140.6950673,6.777189761
979,Persons Injured,2018,Number,219,Waterford,18.27863653,33.49340837,200.5494505,13.11730706
980,Persons Injured,2018,Number,401,Galway,15.17852749,30.09109874,162.8757108,21.70755253
981,Persons Injured,2018,Number,51,Leitrim,15.42743058,28.06000807,146.4815701,2.661818561
982,Persons Injured,2018,Number,211,Mayo,15.89477808,27.06221102,143.7656144,11.21415854
983,Persons Injured,2018,Number,109,Roscommon,16.42531005,28.81920575,146.1779169,5.527289938
984,Persons Injured,2018,Number,108,Sligo,16.12830966,29.80516255,165.8137155,6.008902077
985,Persons Injured,2018,Number,157,Cavan,20.16672875,40.30774234,208.9155023,8.139072733
986,Persons Injured,2018,Number,361,Donegal,22.34353337,43.76075836,233.1288344,19.22616036
987,Persons Injured,2018,Number,93,Monaghan,14.87190968,28.43674353,143.7033222,4.699105654
988,Persons Injured,2019,Number,99,Carlow,16.65797311,28.40379291,157.1428571,5.479502601
989,Persons Injured,2019,Number,2338,Dublin,16.7232812,38.88512672,259.8066452,156.2329461
990,Persons Injured,2019,Number,314,Kildare,13.37650166,28.33683533,157.8153795,17.48767787
991,Persons Injured,2019,Number,89,Kilkenny,8.772102742,16.185742,89.68760497,4.933116547
992,Persons Injured,2019,Number,95,Laois,10.77378455,23.60766545,122.8978008,4.945555507
993,Persons Injured,2019,Number,84,Longford,19.19868352,40.28841388,205.7142857,4.28906968
994,Persons Injured,2019,Number,251,Louth,18.73246164,44.85199734,249.6270512,13.97264849
995,Persons Injured,2019,Number,236,Meath,11.36418356,24.08220604,128.6804798,12.61537365
996,Persons Injured,2019,Number,132,Offaly,16.4354907,32.06153223,172.398781,7.100146127
997,Persons Injured,2019,Number,130,Westmeath,14.08374411,27.01878845,142.9094907,6.874305959
998,Persons Injured,2019,Number,252,Wexford,16.0894882,28.83553637,157.1235581,13.73846042
999,Persons Injured,2019,Number,209,Wicklow,14.03108321,27.27290522,161.3276727,12.36698587
1000,Persons Injured,2019,Number,151,Clare,12.26465667,21.94522897,120.2548447,8.273594813
1001,Persons Injured,2019,Number,748,Cork,14.98334405,24.81773783,145.9844517,43.99741192
1002,Persons Injured,2019,Number,251,Kerry,16.56962543,28.55436421,163.9272886,14.41451789
1003,Persons Injured,2019,Number,351,Limerick,17.53500757,33.03026834,184.9477474,19.66166256
1004,Persons Injured,2019,Number,236,Tipperary,14.42481067,24.48462967,132.2869955,6.372178421
1005,Persons Injured,2019,Number,225,Waterford,18.49872564,34.411036,206.043956,13.47668533
1006,Persons Injured,2019,Number,410,Galway,15.34121098,30.76646006,166.5312754,22.19475446
1007,Persons Injured,2019,Number,44,Leitrim,13.10889319,24.20863441,126.3762566,2.296470916
1008,Persons Injured,2019,Number,204,Mayo,15.23877821,26.16441255,138.996139,10.84212484
1009,Persons Injured,2019,Number,86,Roscommon,12.78449211,22.73808894,115.3330353,4.360981052
1010,Persons Injured,2019,Number,107,Sligo,15.81039349,29.52918882,164.2784033,5.953264095
1011,Persons Injured,2019,Number,129,Cavan,16.39385929,33.11910039,171.6566866,6.68751836
1012,Persons Injured,2019,Number,287,Donegal,17.63375851,34.790409,185.3406522,15.28506378
1013,Persons Injured,2019,Number,121,Monaghan,19.17317657,36.99834374,186.9688385,6.113890152
